ticker,name,sector
1301.T,"KYOKUYO CO.,LTD.","Fishery, Agriculture and Forestry"
1332.T,Nissui Corporation,"Fishery, Agriculture and Forestry"
1333.T,Maruha Nichiro Corporation,"Fishery, Agriculture and Forestry"
1375.T,"YUKIGUNI FACTORY CO.,LTD.","Fishery, Agriculture and Forestry"
1377.T,SAKATA SEED CORPORATION,"Fishery, Agriculture and Forestry"
1379.T,HOKUTO CORPORATION,"Fishery, Agriculture and Forestry"
1414.T,"SHO-BOND Holdings Co.,Ltd.",Construction
1417.T,MIRAIT ONE Corporation,Construction
1419.T,"Tama Home Co.,Ltd.",Construction
1429.T,"Nippon Aqua Co.,Ltd.",Construction
1433.T,"BESTERRA CO.,LTD",Construction
1515.T,"Nittetsu Mining Co.,Ltd.",Mining
1518.T,"MITSUI MATSUSHIMA HOLDINGS CO.,LTD.",Other Products
1605.T,INPEX CORPORATION,Mining
1662.T,"Japan Petroleum Exploration Co.,Ltd.",Mining
1663.T,K&O Energy Group Inc.,Mining
167A.T,"Ryoyo Ryosan Holdings,Inc.",Wholesale Trade
1719.T,HAZAMA ANDO CORPORATION,Construction
1720.T,"TOKYU CONSTRUCTION CO., LTD.",Construction
1721.T,COMSYS Holdings Corporation,Construction
1726.T,Br.Holdings Corporation,Construction
1762.T,"TAKAMATSU CONSTRUCTION GROUP CO.,LTD.",Construction
1766.T,TOKEN CORPORATION,Construction
1773.T,YTL Corporation Berhad,Construction
1780.T,YAMAURA CORPORATION,Construction
1786.T,Oriental Shiraishi Corporation,Construction
1801.T,TAISEI CORPORATION,Construction
1802.T,OBAYASHI CORPORATION,Construction
1803.T,SHIMIZU CORPORATION,Construction
1808.T,HASEKO Corporation,Construction
1812.T,KAJIMA CORPORATION,Construction
1813.T,Fudo Tetra Corporation,Construction
1814.T,"DAISUE CONSTRUCTION CO.,LTD.",Construction
1815.T,TEKKEN CORPORATION,Construction
1820.T,"Nishimatsu Construction Co.,Ltd.",Construction
1833.T,OKUMURA CORPORATION,Construction
1835.T,"TOTETSU KOGYO CO.,LTD.",Construction
1852.T,ASANUMA CORPORATION,Construction
1860.T,TODA CORPORATION,Construction
1861.T,"Kumagai Gumi Co.,Ltd.",Construction
1870.T,"YAHAGI CONSTRUCTION CO.,LTD.",Construction
1871.T,"PS Construction Co.,Ltd.",Construction
1873.T,"NIHON HOUSE HOLDINGS CO.,LTD.",Construction
1878.T,"DAITO TRUST CONSTRUCTION CO.,LTD.",Real Estate
1879.T,SHINNIHON CORPORATION,Construction
1882.T,TOA ROAD CORPORATION,Construction
1885.T,TOA CORPORATION,Construction
1887.T,JDC CORPORATION,Construction
1888.T,"WAKACHIKU CONSTRUCTION CO.,LTD.",Construction
1893.T,"PENTA-OCEAN CONSTRUCTION CO.,LTD.",Construction
1898.T,"SEIKITOKYU KOGYO CO.,LTD.",Construction
1899.T,FUKUDA CORPORATION,Construction
1911.T,"Sumitomo Forestry Co.,Ltd.",Construction
1925.T,"DAIWA HOUSE INDUSTRY CO.,LTD.",Construction
1926.T,"RAITO KOGYO CO.,LTD.",Construction
1928.T,"Sekisui House,Ltd.",Construction
1929.T,"NITTOC CONSTRUCTION CO.,LTD.",Construction
1930.T,"HOKURIKU ELECTRICAL CONSTRUCTION CO.,LTD.",Construction
1934.T,YURTEC CORPORATION,Construction
1938.T,"NIPPON RIETEC CO.,LTD.",Construction
1939.T,YONDENKO CORPORATION,Construction
1941.T,CHUDENKO CORPORATION,Construction
1942.T,"KANDENKO CO.,LTD.",Construction
1944.T,KINDEN CORPORATION,Construction
1945.T,TOKYO ENERGY & SYSTEMS INC.,Construction
1946.T,TOENEC CORPORATION,Construction
1949.T,"SUMITOMO DENSETSU CO.,LTD.",Construction
1950.T,"NIPPON DENSETSU KOGYO CO.,LTD.",Construction
1951.T,"EXEO Group,Inc.",Construction
1952.T,"Shin Nippon Air Technologies Co.,Ltd.",Construction
1959.T,KRAFTIA CORPORATION,Construction
1961.T,"SANKI ENGINEERING CO.,LTD.",Construction
1963.T,JGC HOLDINGS CORPORATION,Construction
1964.T,"Chugai Ro Co.,Ltd.",Construction
1968.T,"TAIHEI DENGYO KAISHA,LTD.",Construction
1969.T,"Takasago Thermal Engineering Co.,Ltd.",Construction
1975.T,"ASAHI KOGYOSHA CO.,LTD.",Construction
1976.T,"MEISEI INDUSTRIAL Co.,Ltd.",Construction
1979.T,Taikisha Ltd.,Construction
1980.T,"DAI-DAN CO.,LTD.",Construction
1982.T,"Hibiya Engineering,Ltd.",Construction
2001.T,NIPPN CORPORATION,Foods
2002.T,NISSHIN SEIFUN GROUP INC.,Foods
2004.T,"Showa Sangyo Co.,Ltd.",Foods
2053.T,"CHUBU SHIRYO CO.,LTD.",Foods
2060.T,"FEED ONE CO.,LTD.",Foods
2108.T,"Nippon Beet Sugar Manufacturing Co.,Ltd.",Foods
2109.T,"Mitsui DM Sugar Co.,Ltd.",Foods
2117.T,"WELLNEO SUGAR Co.,Ltd.",Foods
2120.T,"LIFULL Co.,Ltd.",Services
2121.T,"MIXI,Inc.",Information & Communication
2124.T,"JAC Recruitment Co.,Ltd.",Services
2127.T,Nihon M&A Center Holdings Inc.,Services
212A.T,FIT EASY Inc.,Services
2130.T,"Members Co.,Ltd.",Services
2146.T,"UT Group Co.,Ltd.",Services
2148.T,ITmedia Inc.,Services
2153.T,E・J Holdings Inc.,Services
2154.T,Open Up Group Inc.,Services
2157.T,"KOSHIDAKA HOLDINGS Co.,LTD.",Services
2163.T,"ARTNER CO.,LTD.",Services
2168.T,Pasona Group Inc.,Services
2170.T,Link and Motivation Inc.,Services
2175.T,"SMS CO.,LTD.",Services
2181.T,"PERSOL HOLDINGS CO.,LTD.",Services
2198.T,IKK Holdings Inc.,Services
2201.T,"Morinaga & Co.,Ltd.",Foods
2206.T,"Ezaki Glico Co.,Ltd.",Foods
2207.T,"MEITO CO.,LTD.",Foods
2209.T,"IMURAYA GROUP CO.,LTD.",Foods
2211.T,"Fujiya Co.,Ltd.",Foods
2212.T,"YAMAZAKI BAKING CO.,LTD.",Foods
2217.T,Morozoff Limited,Foods
2220.T,"KAMEDA SEIKA CO.,LTD.",Foods
2222.T,"Kotobuki Spirits Co.,Ltd.",Foods
2229.T,"CALBEE,Inc.",Foods
2264.T,"MORINAGA MILK INDUSTRY CO.,LTD.",Foods
2266.T,"ROKKO BUTTER CO.,LTD.",Foods
2267.T,"YAKULT HONSHA CO.,LTD.",Foods
2269.T,"Meiji Holdings Co.,Ltd.",Foods
2270.T,"MEGMILK SNOW BRAND Co.,Ltd.",Foods
2281.T,"Prima Meat Packers,Ltd.",Foods
2282.T,NH Foods Ltd.,Foods
2288.T,"MARUDAI FOOD CO.,LTD.",Foods
2292.T,S Foods Inc.,Foods
2294.T,"Kakiyasu Honten Co.,Ltd.",Foods
2296.T,ITOHAM YONEKYU HOLDINGS INC.,Foods
2301.T,"GAKUJO CO.,Ltd.",Services
2307.T,"CROSS CAT CO.,LTD.",Information & Communication
2317.T,Systena Corporation,Information & Communication
2325.T,"NJS Co.,Ltd.",Services
2326.T,Digital Arts Inc.,Information & Communication
2327.T,NS Solutions Corporation,Information & Communication
2331.T,"ALSOK CO.,LTD.",Services
2335.T,CUBE SYSTEM INC.,Information & Communication
2337.T,Ichigo Inc.,Real Estate
2353.T,"NIPPON PARKING DEVELOPMENT Co.,Ltd.",Real Estate
2359.T,CORE CORPORATION,Information & Communication
2371.T,"Kakaku.com,Inc.",Services
2374.T,SAINT-CARE HOLDING CORPORATION,Services
2378.T,"RENAISSANCE,INCORPORATED",Services
2379.T,dip Corporation,Services
2384.T,"SBS Holdings,Inc.",Land Transportation
2389.T,"DIGITAL HOLDINGS,INC.",Services
2395.T,"SHIN NIPPON BIOMEDICAL LABORATORIES,LTD.",Services
2410.T,"CAREER DESIGN CENTER CO.,LTD.",Services
2413.T,"M3,Inc.",Services
2429.T,"WORLD HOLDINGS CO.,LTD.",Services
2432.T,"DeNA Co.,Ltd.",Information & Communication
2433.T,HAKUHODO DY HOLDINGS INCORPORATED,Services
2445.T,"Takamiya Co.,Ltd.",Services
2461.T,"FAN Communications,Inc.",Services
2462.T,"LIKE,Inc.",Services
2471.T,"S-Pool,Inc.",Services
2475.T,"WDB HOLDINGS CO.,LTD.",Services
2491.T,"ValueCommerce Co.,Ltd.",Services
2492.T,Infomart Corporation,Services
2501.T,SAPPORO HOLDINGS LIMITED,Foods
2502.T,"Asahi Group Holdings,Ltd.",Foods
2503.T,"Kirin Holdings Company,Limited",Foods
2531.T,TAKARA HOLDINGS INC.,Foods
2533.T,"Oenon Holdings,Inc.",Foods
2540.T,"YOMEISHU SEIZO CO.,LTD.",Foods
256A.T,TOBISHIMA HOLDINGS Inc.,Construction
2579.T,Coca-Cola Bottlers Japan Holdings Inc.,Foods
2585.T,"LIFEDRINK COMPANY,INC.",Foods
2587.T,Suntory Beverage & Food Limited,Foods
2590.T,"DyDo GROUP HOLDINGS,INC.",Foods
2593.T,"ITO EN,LTD.",Foods
25935.T,"Class-A Preferred Stock of ITO EN,LTD.",Foods
2594.T,KEY COFFEE INC,Foods
2602.T,"The Nisshin OilliO Group,Ltd.",Foods
2607.T,"FUJI OIL CO.,LTD.",Foods
2613.T,"J-OIL MILLS, INC.",Foods
262A.T,INTERMESTIC INC.,Retail Trade
2659.T,"SAN-A CO.,LTD.",Retail Trade
2664.T,CAWACHI LIMITED,Retail Trade
2670.T,"ABC-MART,INC.",Retail Trade
2674.T,"HARD OFF CORPORATION Co.,Ltd.",Retail Trade
2676.T,"TAKACHIHO KOHEKI CO.,LTD.",Wholesale Trade
2678.T,ASKUL Corporation,Retail Trade
2681.T,GEO HOLDINGS CORPORATION,Retail Trade
2685.T,"and ST HD Co.,Ltd.",Retail Trade
268A.T,Rigaku Holdings Corporation,Precision Instruments
2692.T,"ITOCHU-SHOKUHIN Co.,Ltd.",Wholesale Trade
2695.T,"Kura Sushi,Inc.",Retail Trade
2726.T,"PAL GROUP Holdings CO.,LTD",Retail Trade
2730.T,EDION Corporation,Retail Trade
2733.T,ARATA CORPORATION,Wholesale Trade
2734.T,SALA CORPORATION,Retail Trade
2737.T,TOMEN DEVICES CORPORATION,Wholesale Trade
2742.T,"HALOWS CO.,LTD.",Retail Trade
2749.T,"JP-HOLDINGS,INC.",Services
2752.T,FUJIO FOOD GROUP INC.,Retail Trade
2753.T,"AMIYAKI TEI CO.,LTD.",Retail Trade
2760.T,TOKYO ELECTRON DEVICE LIMITED,Wholesale Trade
2767.T,TSUBURAYA FIELDS HOLDINGS INC.,Wholesale Trade
2768.T,Sojitz Corporation,Wholesale Trade
2784.T,Alfresa Holdings Corporation,Wholesale Trade
2791.T,"DAIKOKUTENBUSSAN CO.,LTD.",Retail Trade
2792.T,"HONEYS HOLDINGS CO.,LTD.",Retail Trade
2801.T,KIKKOMAN CORPORATION,Foods
2802.T,"Ajinomoto Co.,Inc.",Foods
2804.T,"BULL-DOG SAUCE CO.,LTD.",Foods
2809.T,Kewpie Corporation,Foods
2810.T,House Foods Group Inc.,Foods
2811.T,"KAGOME CO.,LTD.",Foods
2815.T,"ARIAKE JAPAN Co.,Ltd.",Foods
285A.T,Kioxia Holdings Corporation,Electric Appliances
2871.T,NICHIREI CORPORATION,Foods
2874.T,"YOKOREI CO.,LTD.",Wholesale Trade
2875.T,"TOYO SUISAN KAISHA,LTD.",Foods
2882.T,"EAT&HOLDINGS Co.,Ltd",Foods
2884.T,Yoshimura Food Holdings K.K.,Foods
2897.T,"NISSIN FOODS HOLDINGS CO.,LTD.",Foods
2908.T,"FUJICCO CO.,LTD.",Foods
2910.T,"ROCK FIELD CO.,LTD.",Foods
2914.T,JAPAN TOBACCO INC.,Foods
2915.T,"KENKO Mayonnaise Co.,Ltd.",Foods
2918.T,"WARABEYA NICHIYO HOLDINGS CO.,LTD.",Foods
2922.T,"NATORI CO.,LTD.",Foods
2929.T,"Pharma Foods International Co.,Ltd.",Foods
2930.T,Kitanotatsujin Corporation,Chemicals
2931.T,"Euglena Co.,Ltd.",Foods
2933.T,KIBUN FOODS INC.,Foods
2935.T,"PICKLES HOLDINGS CO.,LTD.",Foods
2975.T,"Star Mica Holdings Co.,Ltd.",Real Estate
2980.T,SRE Holdings Corporation,Real Estate
2982.T,"A.D.Works Group Co.,Ltd.",Real Estate
3002.T,GUNZE LIMITED,Textiles and Apparels
3003.T,"Hulic Co.,Ltd.",Real Estate
3028.T,"Alpen Co.,Ltd.",Retail Trade
3031.T,"RACCOON HOLDINGS,Inc.",Information & Communication
3034.T,"Qol Holdings Co.,Ltd.",Retail Trade
3036.T,ALCONIX CORPORATION,Wholesale Trade
3038.T,"KOBE BUSSAN CO.,LTD.",Wholesale Trade
3040.T,SOLITON SYSTEMS K.K.,Information & Communication
3046.T,JINS HOLDINGS Inc.,Retail Trade
3048.T,BIC CAMERA INC.,Retail Trade
3050.T,"DCM Holdings Co.,Ltd.",Retail Trade
3064.T,"MonotaRO Co.,Ltd.",Retail Trade
3076.T,Ai Holdings Corporation,Wholesale Trade
3086.T,"J.FRONT RETAILING Co.,Ltd.",Retail Trade
3087.T,"DOUTOR・NICHIRES Holdings Co.,Ltd.",Retail Trade
3088.T,MatsukiyoCocokara & Co.,Retail Trade
3091.T,"BRONCO BILLY Co.,LTD.",Retail Trade
3092.T,"ZOZO,Inc.",Retail Trade
3093.T,"Treasure Factory Co.,LTD.",Retail Trade
3097.T,The Monogatari Corporation,Retail Trade
3099.T,Isetan Mitsukoshi Holdings Ltd.,Retail Trade
3101.T,"TOYOBO CO.,LTD.",Chemicals
3103.T,UNITIKA LTD.,Textiles and Apparels
3104.T,"Fujibo Holdings,Inc.",Textiles and Apparels
3105.T,Nisshinbo Holdings Inc.,Electric Appliances
3106.T,KURABO INDUSTRIES LTD.,Textiles and Apparels
3107.T,"Daiwabo Holdings Co.,Ltd.",Wholesale Trade
3109.T,SHIKIBO LTD.,Textiles and Apparels
3110.T,"NITTO BOSEKI CO.,LTD.",Glass and Ceramics Products
3116.T,TOYOTA BOSHOKU CORPORATION,Transportation Equipment
3132.T,"MACNICA HOLDINGS,INC.",Wholesale Trade
3135.T,"MarketEnterprise Co.,Ltd",Retail Trade
3139.T,"Lacto Japan Co.,Ltd.",Wholesale Trade
3148.T,"CREATE SD HOLDINGS CO.,LTD.",Retail Trade
3150.T,"grems,Inc.",Electric Power and Gas
3151.T,"VITAL KSK HOLDINGS,INC.",Wholesale Trade
3153.T,"Yashima Denki Co.,Ltd.",Wholesale Trade
3154.T,"MEDIUS HOLDINGS Co.,Ltd.",Wholesale Trade
3156.T,Restar Corporation,Wholesale Trade
3167.T,TOKAI Holdings Corporation,Wholesale Trade
3176.T,"Sanyo Trading Co.,Ltd.",Wholesale Trade
3179.T,"Syuppin Co.,Ltd.",Retail Trade
3180.T,BEAUTY GARAGE Inc.,Wholesale Trade
3182.T,Oisix ra daichi Inc.,Retail Trade
3183.T,"WIN-Partners Co.,Ltd.",Wholesale Trade
3186.T,"NEXTAGE Co.,Ltd.",Retail Trade
3191.T,"JOYFUL HONDA CO.,LTD.",Retail Trade
3193.T,"Eternal Hospitality Group Co.,Ltd.",Retail Trade
3196.T,"HOTLAND HOLDINGS Co.,Ltd.",Retail Trade
3197.T,"SKYLARK HOLDINGS CO.,LTD.",Retail Trade
3198.T,"SFP Holdings Co.,Ltd.",Retail Trade
3199.T,"Watahan & Co.,Ltd.",Retail Trade
3201.T,"THE JAPAN WOOL TEXTILE CO.,LTD.",Textiles and Apparels
3221.T,"Yossix Holdings Co.,Ltd.",Retail Trade
3231.T,"Nomura Real Estate Holdings,Inc.",Real Estate
3232.T,"Mie Kotsu Group Holdings,Inc.",Real Estate
3245.T,"DEAR LIFE CO.,LTD.",Real Estate
3252.T,"JINUSHI Co.,Ltd.",Real Estate
3276.T,"Japan Property Management Center Co.,Ltd.",Real Estate
3284.T,"Hoosiers Holdings Co.,Ltd.",Real Estate
3288.T,"Open House Group Co.,Ltd.",Real Estate
3289.T,Tokyu Fudosan Holdings Corporation,Real Estate
3291.T,"Iida Group Holdings Co.,Ltd.",Real Estate
3302.T,"TEIKOKU SEN-I Co.,Ltd.",Textiles and Apparels
3315.T,"NIPPON COKE & ENGINEERING COMPANY,LIMITED",Oil and Coal Products
3333.T,"ASAHI CO.,LTD.",Retail Trade
3349.T,COSMOS Pharmaceutical Corporation,Retail Trade
3360.T,"SHIP HEALTHCARE HOLDINGS,INC.",Wholesale Trade
3371.T,SOFTCREATE HOLDINGS CORP.,Information & Communication
3382.T,"Seven & i Holdings Co.,Ltd.",Retail Trade
3387.T,create restaurants holdings inc.,Retail Trade
3388.T,"MEIJI ELECTRIC INDUSTRIES CO.,LTD.",Wholesale Trade
3391.T,TSURUHA HOLDINGS INC.,Retail Trade
3393.T,"Startia Holdings,Inc.",Wholesale Trade
3395.T,"Saint Marc Holdings Co.,Ltd.",Retail Trade
3397.T,TORIDOLL Holdings Corporation,Retail Trade
3401.T,TEIJIN LIMITED,Textiles and Apparels
3402.T,"TORAY INDUSTRIES,INC.",Textiles and Apparels
3405.T,"KURARAY CO.,LTD.",Chemicals
3407.T,ASAHI KASEI CORPORATION,Chemicals
3415.T,"TOKYO BASE Co.,Ltd.",Retail Trade
3431.T,"MIYAJI ENGINEERING GROUP,INC.",Metal Products
3433.T,"TOCALO Co.,Ltd.",Metal Products
3436.T,SUMCO CORPORATION,Metal Products
3443.T,"KAWADA TECHNOLOGIES,INC.",Metal Products
3445.T,"RS Technologies Co.,Ltd.",Metal Products
3457.T,"&Do Holdings Co.,Ltd.",Real Estate
3465.T,"KI-STAR REAL ESTATE CO.,LTD",Real Estate
3475.T,"Good Com Asset Co.,Ltd.",Real Estate
3480.T,"J.S.B.Co.,Ltd.",Real Estate
3482.T,Loadstar Capital K.K.,Real Estate
3484.T,"Innovation Holdings CO.,LTD.",Real Estate
3486.T,GLOBAL LINK MANAGEMENT INC.,Real Estate
3496.T,"AZOOM CO.,LTD",Real Estate
3498.T,"Kasumigaseki Capital Co.,Ltd.",Real Estate
3501.T,"SUMINOE Co.,Ltd.",Textiles and Apparels
3539.T,"JM HOLDINGS CO.,LTD.",Retail Trade
3543.T,"KOMEDA Holdings Co.,Ltd.",Wholesale Trade
3546.T,"Alleanza Holdings Co.,Ltd.",Retail Trade
3548.T,BAROQUE JAPAN LIMITED,Retail Trade
3549.T,"KUSURI NO AOKI HOLDINGS CO.,LTD.",Retail Trade
3561.T,"CHIKARANOMOTO HOLDINGS Co.,Ltd.",Retail Trade
3563.T,FOOD & LIFE COMPANIES LTD.,Retail Trade
3569.T,"SEIREN CO.,LTD.",Textiles and Apparels
3580.T,"KOMATSU MATERE Co.,Ltd.",Textiles and Apparels
3591.T,WACOAL HOLDINGS CORP.,Textiles and Apparels
3593.T,"HOGY MEDICAL CO.,LTD.",Textiles and Apparels
3608.T,"TSI HOLDINGS CO.,LTD.",Textiles and Apparels
3612.T,"WORLD CO.,LTD.",Textiles and Apparels
3626.T,TIS Inc.,Information & Communication
3632.T,"GREE Holdings,Inc.",Information & Communication
3635.T,"KOEI TECMO HOLDINGS CO.,LTD.",Information & Communication
3636.T,"Mitsubishi Research Institute,Inc.",Information & Communication
3649.T,FINDEX Inc.,Information & Communication
3655.T,BrainPad Inc.,Information & Communication
3656.T,KLab Inc.,Information & Communication
3657.T,"Pole To Win Holdings,Inc.",Information & Communication
3659.T,"NEXON Co.,Ltd.",Information & Communication
3660.T,istyle Inc.,Information & Communication
3661.T,"m-up holdings,Inc.",Information & Communication
3662.T,"Ateam Holdings Co.,Ltd.",Information & Communication
3663.T,"CELSYS,Inc.",Information & Communication
3665.T,Enigmo Inc.,Information & Communication
3668.T,"COLOPL,Inc.",Information & Communication
3673.T,"Broadleaf Co.,Ltd.",Information & Communication
3675.T,Cross Marketing Group Inc.,Information & Communication
3676.T,"DIGITAL HEARTS HOLDINGS Co.,Ltd.",Information & Communication
3678.T,"MEDIA DO Co.,Ltd.",Information & Communication
3679.T,"ZIGExN Co.,Ltd.",Information & Communication
3681.T,"V-cube,Inc.",Information & Communication
3687.T,Fixstars Corporation,Information & Communication
368A.T,Kitazato Corporation,Precision Instruments
3694.T,OPTiM CORPORATION,Information & Communication
3696.T,CERES INC.,Information & Communication
3697.T,SHIFT Inc.,Information & Communication
3708.T,"Tokushu Tokai Paper Co.,Ltd.",Pulp and Paper
3741.T,"Systems Engineering Consultants Co.,LTD.",Information & Communication
3762.T,TECHMATRIX CORPORATION,Information & Communication
3763.T,Pro-Ship Incorporated,Information & Communication
3765.T,"GungHo Online Entertainment,Inc.",Information & Communication
3769.T,"GMO Payment Gateway,Inc.",Information & Communication
3771.T,"SYSTEM RESEARCH CO.,LTD.",Information & Communication
3774.T,Internet Initiative Japan Inc.,Information & Communication
3778.T,SAKURA internet Inc.,Information & Communication
3788.T,GMO GlobalSign Holdings K.K.,Information & Communication
3817.T,"SRA Holdings,Inc.",Information & Communication
3834.T,"Asahi Net,Inc.",Information & Communication
3835.T,"eBASE Co.,Ltd.",Information & Communication
3836.T,AVANT GROUP CORPORATION,Information & Communication
3837.T,Ad-Sol Nissin Corporation,Information & Communication
3843.T,"FreeBit Co.,Ltd.",Information & Communication
3844.T,COMTURE CORPORATION,Information & Communication
3853.T,ASTERIA Corporation,Information & Communication
3854.T,I'LL INC,Information & Communication
3861.T,Oji Holdings Corporation,Pulp and Paper
3863.T,"Nippon Paper Industries Co.,Ltd.",Pulp and Paper
3864.T,Mitsubishi Paper Mills Limited,Pulp and Paper
3865.T,Hokuetsu Corporation,Pulp and Paper
3877.T,"Chuetsu Pulp & Paper Co.,Ltd.",Pulp and Paper
3880.T,Daio Paper Corporation,Pulp and Paper
3901.T,"MarkLines Co.,Ltd.",Information & Communication
3902.T,"Medical Data Vision Co.,Ltd.",Information & Communication
3903.T,gumi Inc.,Information & Communication
3915.T,"TerraSky Co.,Ltd",Information & Communication
3916.T,Digital Information Technologies Corporation,Information & Communication
3921.T,NEOJAPAN Inc.,Information & Communication
3922.T,PR TIMES Corporation,Information & Communication
3923.T,"RAKUS Co.,Ltd.",Information & Communication
3924.T,"R&D COMPUTER CO.,LTD.",Information & Communication
3925.T,Double Standard Inc.,Information & Communication
3926.T,Open Door Inc.,Information & Communication
3932.T,Akatsuki Inc.,Information & Communication
3937.T,"Ubicom Holdings,Inc.",Information & Communication
3939.T,"Kanamic Network Co.,LTD",Information & Communication
3941.T,"Rengo Co.,Ltd.",Pulp and Paper
3946.T,"TOMOKU CO.,LTD.",Pulp and Paper
3950.T,THE PACK CORPORATION,Pulp and Paper
3962.T,"CHANGE Holdings,Inc.",Information & Communication
3963.T,"Synchro Food Co.,Ltd.",Information & Communication
3964.T,AUCNET INC.,Information & Communication
3968.T,"Segue Group Co.,Ltd.",Information & Communication
3983.T,"ORO Co.,Ltd.",Information & Communication
3984.T,"User Local,Inc.",Information & Communication
3992.T,Needs Well Inc.,Information & Communication
3993.T,PKSHA Technology Inc.,Information & Communication
3994.T,"Money Forward,Inc.",Information & Communication
4004.T,Resonac Holdings Corporation,Chemicals
4005.T,"SUMITOMO CHEMICAL COMPANY,LIMITED",Chemicals
4008.T,"Sumitomo Seika Chemicals Company,Limited.",Chemicals
4021.T,Nissan Chemical Corporation,Chemicals
4022.T,"Rasa Industries,Ltd.",Chemicals
4023.T,KUREHA CORPORATION,Chemicals
4025.T,"TAKI CHEMICAL CO.,LTD.",Chemicals
4027.T,TAYCA CORPORATION,Chemicals
4028.T,"ISHIHARA SANGYO KAISHA,LTD.",Chemicals
4041.T,"Nippon Soda Co.,Ltd.",Chemicals
4042.T,TOSOH CORPORATION,Chemicals
4043.T,Tokuyama Corporation,Chemicals
4044.T,"Central Glass Co.,Ltd.",Chemicals
4045.T,"TOAGOSEI CO.,LTD.",Chemicals
4046.T,"OSAKA SODA CO.,LTD.",Chemicals
4047.T,"KANTO DENKA KOGYO CO.,LTD.",Chemicals
4051.T,"GMO Financial Gate,Inc.",Information & Communication
4053.T,Sun* Inc.,Information & Communication
4061.T,Denka Company Limited,Chemicals
4062.T,"IBIDEN CO.,LTD.",Electric Appliances
4063.T,"Shin-Etsu Chemical Co.,Ltd.",Chemicals
4064.T,"Nippon Carbide Industries Company,Incorporated",Chemicals
4071.T,"Plus Alpha Consulting Co.,LTD.",Information & Communication
4072.T,"Densan System Holdings Co.,Ltd.",Information & Communication
4078.T,"Sakai Chemical Industry Co.,Ltd.",Chemicals
4082.T,"DAIICHI KIGENSO KAGAKU-KOGYO CO.,LTD",Chemicals
4088.T,AIR WATER INC.,Chemicals
4091.T,NIPPON SANSO HOLDINGS CORPORATION,Chemicals
4092.T,"Nippon Chemical Industrial Co.,Ltd.",Chemicals
4095.T,"NIHON PARKERIZING CO.,LTD.",Chemicals
4097.T,"KOATSU GAS KOGYO CO.,LTD.",Chemicals
4099.T,SHIKOKU KASEI HOLDINGS CORPORATION,Chemicals
409A.T,"ORION BREWERIES,LTD.",Foods
4109.T,STELLA CHEMIFA CORPORATION,Chemicals
4112.T,"Hodogaya Chemical Co.,Ltd.",Chemicals
4114.T,"NIPPON SHOKUBAI CO.,LTD.",Chemicals
4116.T,"Dainichiseika Color & Chemicals Mfg.Co.,Ltd.",Chemicals
4118.T,KANEKA CORPORATION,Chemicals
4151.T,"Kyowa Kirin Co.,Ltd.",Pharmaceutical
417A.T,"BLUE ZONES HOLDINGS CO.,LTD.",Retail Trade
4180.T,"Appier Group,Inc.",Information & Communication
4182.T,"Mitsubishi Gas Chemical Company,Inc.",Chemicals
4183.T,"Mitsui Chemicals,Inc.",Chemicals
4186.T,"TOKYO OHKA KOGYO CO.,LTD.",Chemicals
4187.T,OSAKA ORGANIC CHEMICAL INDUSTRY LTD.,Chemicals
4188.T,Mitsubishi Chemical Group Corporation,Chemicals
4189.T,"KH Neochem Co.,Ltd.",Chemicals
4194.T,"Visional,Inc.",Information & Communication
4202.T,Daicel Corporation,Chemicals
4203.T,"Sumitomo Bakelite Company,Limited",Chemicals
4204.T,"Sekisui Chemical Co.,Ltd.",Chemicals
4205.T,ZEON CORPORATION,Chemicals
4206.T,"Aica Kogyo Company,Limited",Chemicals
4208.T,UBE Corporation,Chemicals
4212.T,Sekisui Jushi Corporation,Chemicals
4216.T,ASAHI YUKIZAI CORPORATION,Chemicals
4218.T,"NICHIBAN CO.,LTD.",Chemicals
4220.T,RIKEN TECHNOS CORPORATION,Chemicals
4221.T,"Okura Industrial Co.,Ltd.",Chemicals
4228.T,"Sekisui Kasei Co.,Ltd.",Chemicals
4229.T,"Gun Ei Chemical Industry Co.,Ltd.",Chemicals
4246.T,DaikyoNishikawa Corporation,Chemicals
4249.T,"MORIROKU COMPANY,LTD.",Chemicals
4251.T,KEIWA Incorporated,Chemicals
4272.T,"NIPPON KAYAKU CO.,LTD.",Chemicals
4275.T,"Carlit Co.,Ltd.",Chemicals
4290.T,Prestige International Inc.,Services
429A.T,Tekscend Photomask Corp.,Other Products
4301.T,AMUSE INC.,Services
4307.T,"Nomura Research Institute,Ltd.",Information & Communication
4310.T,Dream Incubator Inc.,Services
4318.T,"QUICK CO.,LTD.",Services
4323.T,"Japan System Techniques Co.,Ltd.",Information & Communication
4324.T,DENTSU GROUP INC.,Services
4326.T,INTAGE HOLDINGS Inc.,Information & Communication
4331.T,"TAKE AND GIVE. NEEDS Co.,Ltd.",Services
4333.T,"TOHO SYSTEM SCIENCE CO.,LTD.",Information & Communication
4337.T,PIA CORPORATION,Services
4343.T,"AEON Fantasy Co.,LTD.",Services
4344.T,SOURCENEXT CORPORATION,Information & Communication
4345.T,"CTS Co.,Ltd.",Services
4362.T,"Nippon Fine Chemical Co.,Ltd.",Chemicals
4368.T,"FUSO CHEMICAL CO.,LTD.",Chemicals
4369.T,Tri Chemical Laboratories Inc.,Chemicals
4373.T,"Simplex Holdings,Inc.",Information & Communication
4384.T,RAKSUL INC.,Information & Communication
4385.T,"Mercari,Inc.",Information & Communication
4390.T,"IPS,Inc.",Information & Communication
4392.T,"Future Innovation Group,Inc.",Information & Communication
4396.T,System Support Holdings Inc.,Information & Communication
4401.T,ADEKA CORPORATION,Chemicals
4403.T,NOF CORPORATION,Chemicals
4410.T,"HARIMA CHEMICALS GROUP,INC.",Chemicals
4413.T,"baudroie,inc.",Information & Communication
4432.T,WingArc1st Inc.,Information & Communication
4433.T,"HITO-Communications Holdings,Inc.",Information & Communication
4443.T,"Sansan,Inc.",Information & Communication
4446.T,Link-U Group Inc.,Information & Communication
4449.T,giftee Inc.,Information & Communication
4452.T,Kao Corporation,Chemicals
4461.T,DKS Co.Ltd.,Chemicals
4462.T,"ISHIHARA CHEMICAL CO.,LTD.",Chemicals
4471.T,"SANYO CHEMICAL INDUSTRIES,LTD.",Chemicals
4480.T,"MEDLEY,INC.",Information & Communication
4481.T,"BASE CO.,LTD.",Information & Communication
4483.T,JMDC Inc.,Information & Communication
4502.T,Takeda Pharmaceutical Company Limited,Pharmaceutical
4503.T,Astellas Pharma Inc.,Pharmaceutical
4506.T,"Sumitomo Pharma Co.,Ltd.",Pharmaceutical
4507.T,"Shionogi & Co.,Ltd.",Pharmaceutical
4516.T,"Nippon Shinyaku Co.,Ltd.",Pharmaceutical
4519.T,"CHUGAI PHARMACEUTICAL CO.,LTD.",Pharmaceutical
4521.T,"KAKEN PHARMACEUTICAL CO.,LTD.",Pharmaceutical
4523.T,"Eisai Co.,Ltd.",Pharmaceutical
4526.T,"RIKEN VITAMIN CO.,LTD.",Foods
4527.T,"ROHTO PHARMACEUTICAL CO.,LTD.",Pharmaceutical
4528.T,"ONO PHARMACEUTICAL CO.,LTD.",Pharmaceutical
4530.T,"HISAMITSU PHARMACEUTICAL CO.,INC.",Pharmaceutical
4534.T,"Mochida Pharmaceutical Co.,Ltd.",Pharmaceutical
4536.T,"SANTEN PHARMACEUTICAL CO.,LTD.",Pharmaceutical
4538.T,"Fuso Pharmaceutical Industries,Ltd.",Pharmaceutical
4540.T,TSUMURA & CO.,Pharmaceutical
4543.T,TERUMO CORPORATION,Precision Instruments
4544.T,"H.U. Group Holdings,Inc.",Services
4547.T,"KISSEI PHARMACEUTICAL CO.,LTD.",Pharmaceutical
4548.T,SEIKAGAKU CORPORATION,Pharmaceutical
4549.T,"EIKEN CHEMICAL CO.,LTD.",Pharmaceutical
4552.T,"JCR Pharmaceuticals Co.,Ltd.",Pharmaceutical
4553.T,"TOWA PHARMACEUTICAL CO.,LTD.",Pharmaceutical
4554.T,"Fuji Pharma Co.,Ltd.",Pharmaceutical
4559.T,"ZERIA PHARMACEUTICAL CO.,LTD.",Pharmaceutical
4565.T,"Nxera Pharma Co.,Ltd.",Pharmaceutical
4568.T,"DAIICHI SANKYO COMPANY,LIMITED",Pharmaceutical
4569.T,"KYORIN Pharmaceutical Co.,Ltd.",Pharmaceutical
4574.T,"TAIKO PHARMACEUTICAL CO.,LTD.",Pharmaceutical
4577.T,"Daito Pharmaceutical Co.,Ltd.",Pharmaceutical
4578.T,"Otsuka Holdings Co.,Ltd.",Pharmaceutical
4587.T,PeptiDream Inc.,Pharmaceutical
4611.T,"Dai Nippon Toryo Company,Limited",Chemicals
4612.T,"NIPPON PAINT HOLDINGS CO.,LTD.",Chemicals
4613.T,"KANSAI PAINT CO.,LTD.",Chemicals
4617.T,"Chugoku Marine Paints,Ltd.",Chemicals
4626.T,"TAIYO HOLDINGS CO.,LTD.",Chemicals
4631.T,DIC Corporation,Chemicals
4633.T,SAKATA INX CORPORATION,Chemicals
4634.T,"artience Co.,Ltd.",Chemicals
4641.T,Altech Corporation,Services
4658.T,"Nippon Air Conditioning Services Co.,Ltd.",Services
4661.T,"ORIENTAL LAND CO.,LTD.",Services
4662.T,Focus Systems Corporation,Information & Communication
4665.T,"DUSKIN CO.,LTD.",Services
4666.T,"PARK24 Co.,Ltd.",Real Estate
4668.T,"MEIKO NETWORK JAPAN CO.,LTD.",Services
4674.T,CRESCO LTD.,Information & Communication
4676.T,"FUJI MEDIA HOLDINGS,INC.",Information & Communication
4680.T,ROUND ONE Corporation,Services
4681.T,"RESORTTRUST,INC.",Services
4684.T,"OBIC Co.,Ltd.",Information & Communication
4686.T,JUSTSYSTEMS CORPORATION,Information & Communication
4687.T,TDC SOFT Inc.,Information & Communication
4689.T,LY Corporation,Information & Communication
4694.T,"BML,INC.",Services
4704.T,Trend Micro Incorporated,Information & Communication
4709.T,ID Holdings Corporation,Information & Communication
4714.T,RISO KYOIKU GROUP CORPORATION,Services
4718.T,"WASEDA ACADEMY CO.,LTD.",Services
4719.T,ALPHA SYSTEMS INC.,Information & Communication
471A.T,"NS Group,Inc.",Other Financing Business
4722.T,Future Corporation,Information & Communication
4725.T,CAC Holdings Corporation,Information & Communication
4732.T,"USS Co.,Ltd.",Services
4733.T,"OBIC BUSINESS CONSULTANTS CO.,LTD.",Information & Communication
4743.T,ITFOR Inc.,Information & Communication
4751.T,"CyberAgent,Inc.",Services
4755.T,"Rakuten Group,Inc.",Services
4763.T,"CREEK & RIVER Co.,Ltd.",Services
4765.T,"SBI Global Asset Management Co.,Ltd.",Services
4768.T,OTSUKA CORPORATION,Information & Communication
4776.T,"Cybozu,Inc.",Information & Communication
4784.T,"GMO internet,Inc.",Services
4792.T,"YAMADA Consulting Group Co.,Ltd.",Services
4801.T,"CENTRAL SPORTS CO.,LTD.",Services
4809.T,Paraca Inc.,Real Estate
4812.T,DENTSU SOKEN INC.,Information & Communication
4813.T,"ACCESS CO.,LTD.",Information & Communication
4819.T,"Digital Garage,Inc.",Information & Communication
4820.T,"EM SYSTEMS CO.,LTD.",Information & Communication
4825.T,WEATHERNEWS INC.,Information & Communication
4826.T,"Computer Institute of Japan, Ltd.",Information & Communication
4828.T,Business Engineering Corporation,Information & Communication
4839.T,WOWOW INC.,Information & Communication
4845.T,"Scala,Inc.",Information & Communication
4847.T,INTELLIGENT WAVE INC.,Information & Communication
4848.T,"FULLCAST HOLDINGS CO.,LTD.",Services
4849.T,en Inc.,Services
4880.T,"CellSource Co.,Ltd.",Pharmaceutical
4886.T,"ASKA Pharmaceutical Holdings Co.,Ltd.",Pharmaceutical
4887.T,"SAWAI GROUP HOLDINGS Co.,Ltd.",Pharmaceutical
4901.T,FUJIFILM Holdings Corporation,Chemicals
4902.T,"KONICA MINOLTA,INC.",Electric Appliances
4911.T,"Shiseido Company,Limited",Chemicals
4912.T,Lion Corporation,Chemicals
4914.T,TAKASAGO INTERNATIONAL CORPORATION,Chemicals
4917.T,MANDOM CORPORATION,Chemicals
4919.T,"Milbon Co.,Ltd.",Chemicals
4922.T,KOSE Corporation,Chemicals
4923.T,"COTA CO.,LTD.",Chemicals
4927.T,POLA ORBIS HOLDINGS INC.,Chemicals
4928.T,"Noevir Holdings Co.,Ltd.",Chemicals
4931.T,"Shinnihonseiyaku Co.,Ltd.",Chemicals
4933.T,"I-ne CO.,LTD.",Chemicals
4951.T,S.T.CORPORATION,Chemicals
4956.T,"KONISHI CO.,LTD.",Chemicals
4958.T,"T.HASEGAWA CO.,LTD.",Chemicals
4967.T,"KOBAYASHI PHARMACEUTICAL CO.,LTD.",Chemicals
4968.T,"ARAKAWA CHEMICAL INDUSTRIES,LTD.",Chemicals
4971.T,MEC COMPANY LTD.,Chemicals
4973.T,"JAPAN PURE CHEMICAL CO.,LTD.",Chemicals
4974.T,TAKARA BIO INC.,Chemicals
4975.T,JCU CORPORATION,Chemicals
4980.T,Dexerials Corporation,Chemicals
4985.T,Earth Corporation,Chemicals
4996.T,"KUMIAI CHEMICAL INDUSTRY CO.,LTD.",Chemicals
4997.T,"NIHON NOHYAKU CO.,LTD.",Chemicals
5011.T,"NICHIREKI GROUP CO.,LTD.",Oil and Coal Products
5016.T,JX Advanced Metals Corporation,Nonferrous Metals
5017.T,"Fuji Oil Company,Ltd.",Oil and Coal Products
5019.T,"Idemitsu Kosan Co.,Ltd.",Oil and Coal Products
5020.T,"ENEOS Holdings,Inc.",Oil and Coal Products
5021.T,"COSMO ENERGY HOLDINGS COMPANY,LIMITED",Oil and Coal Products
5032.T,ANYCOLOR Inc.,Information & Communication
5036.T,"Japan Business Systems,Inc.",Information & Communication
5074.T,"TESS Holdings Co.,Ltd.",Construction
5076.T,INFRONEER Holdings Inc.,Construction
50765.T,Series 1 Bond-Type Class Shares of INFRONEER Holdings Inc.,Construction
5101.T,"The Yokohama Rubber Company,Limited",Rubber Products
5105.T,Toyo Tire Corporation,Rubber Products
5108.T,BRIDGESTONE CORPORATION,Rubber Products
5110.T,"Sumitomo Rubber Industries,Ltd.",Rubber Products
5121.T,FUJIKURA COMPOSITES Inc.,Rubber Products
5122.T,"OKAMOTO INDUSTRIES,INC.",Rubber Products
5142.T,Achilles Corporation,Chemicals
5185.T,"Fukoku Co.,Ltd.",Rubber Products
5186.T,Nitta Corporation,Rubber Products
5191.T,Sumitomo Riko Company Limited,Rubber Products
5192.T,Mitsuboshi Belting Ltd.,Rubber Products
5195.T,"Bando Chemical Industries,Ltd.",Rubber Products
5201.T,AGC Inc.,Glass and Ceramics Products
5202.T,"Nippon Sheet Glass Company,Limited",Glass and Ceramics Products
5208.T,"Arisawa Mfg.Co.,Ltd.",Chemicals
5214.T,"Nippon Electric Glass Co.,Ltd.",Glass and Ceramics Products
5232.T,"Sumitomo Osaka Cement Co.,Ltd.",Glass and Ceramics Products
5233.T,TAIHEIYO CEMENT CORPORATION,Glass and Ceramics Products
5261.T,"RESOL HOLDINGS Co.,Ltd.",Services
5262.T,Nippon Hume Corporation,Glass and Ceramics Products
5269.T,"NIPPON CONCRETE INDUSTRIES CO.,LTD.",Glass and Ceramics Products
5288.T,ASIA PILE HOLDINGS CORPORATION,Glass and Ceramics Products
5301.T,"TOKAI CARBON CO.,LTD.",Glass and Ceramics Products
5302.T,"Nippon Carbon Co.,Ltd.",Glass and Ceramics Products
5310.T,"TOYO TANSO CO.,LTD.",Glass and Ceramics Products
5331.T,"NORITAKE CO.,LIMITED",Glass and Ceramics Products
5332.T,TOTO LTD.,Glass and Ceramics Products
5333.T,"NGK INSULATORS,LTD.",Glass and Ceramics Products
5334.T,"Niterra Co.,Ltd.",Glass and Ceramics Products
5344.T,"MARUWA CO.,LTD.",Glass and Ceramics Products
5351.T,"SHINAGAWA REFRA CO.,LTD.",Glass and Ceramics Products
5352.T,KROSAKI HARIMA CORPORATION,Glass and Ceramics Products
5357.T,"YOTAI REFRACTORIES CO.,LTD.",Glass and Ceramics Products
5384.T,FUJIMI INCORPORATED,Glass and Ceramics Products
5393.T,NICHIAS CORPORATION,Glass and Ceramics Products
5401.T,NIPPON STEEL CORPORATION,Iron and Steel
5406.T,"Kobe Steel,Ltd.",Iron and Steel
5408.T,"NAKAYAMA STEEL WORKS,LTD.",Iron and Steel
5410.T,"Godo Steel,Ltd.",Iron and Steel
5411.T,"JFE Holdings,Inc.",Iron and Steel
5423.T,"TOKYO STEEL MANUFACTURING CO.,LTD.",Iron and Steel
5440.T,KYOEI STEEL LTD.,Iron and Steel
5444.T,"YAMATO KOGYO CO.,LTD.",Iron and Steel
5445.T,"TOKYO TEKKO CO.,LTD.",Iron and Steel
5451.T,"YODOKO,Ltd.",Iron and Steel
5461.T,"Chubu Steel Plate Co.,Ltd.",Iron and Steel
5463.T,Maruichi Steel Tube Ltd.,Iron and Steel
5471.T,"Daido Steel Co.,Ltd.",Iron and Steel
5480.T,"Nippon Yakin kogyo Co.,Ltd.",Iron and Steel
5482.T,AICHI STEEL CORPORATION,Iron and Steel
5535.T,MIGALO HOLDINGS Inc.,Real Estate
5541.T,"PACIFIC METALS CO.,LTD.",Iron and Steel
5563.T,"Nippon Denko Co.,Ltd.",Iron and Steel
5602.T,"Kurimoto,Ltd.",Iron and Steel
5631.T,"The Japan Steel Works,Ltd.",Machinery
5632.T,"Mitsubishi Steel Mfg.Co.,Ltd.",Iron and Steel
5659.T,"Nippon Seisen Co.,Ltd.",Iron and Steel
5702.T,"DAIKI ALUMINIUM INDUSTRY CO.,LTD.",Nonferrous Metals
5703.T,"Nippon Light Metal Holdings Company,Ltd.",Nonferrous Metals
5706.T,"Mitsui Kinzoku Company,Limited",Nonferrous Metals
5707.T,"Toho Zinc Co.,Ltd.",Nonferrous Metals
5711.T,Mitsubishi Materials Corporation,Nonferrous Metals
5713.T,"Sumitomo Metal Mining Co.,Ltd.",Nonferrous Metals
5714.T,"DOWA HOLDINGS CO.,LTD.",Nonferrous Metals
5715.T,"FURUKAWA CO.,LTD.",Nonferrous Metals
5726.T,"OSAKA Titanium technologies Co.,Ltd.",Nonferrous Metals
5727.T,"TOHO TITANIUM COMPANY,LIMITED",Nonferrous Metals
5741.T,UACJ Corporation,Nonferrous Metals
5757.T,"CK SAN-ETSU Co.,Ltd.",Nonferrous Metals
5801.T,"Furukawa Electric Co.,Ltd.",Nonferrous Metals
5802.T,"Sumitomo Electric Industries,Ltd.",Nonferrous Metals
5803.T,Fujikura Ltd.,Nonferrous Metals
5805.T,SWCC Corporation,Nonferrous Metals
5821.T,HIRAKAWA HEWTECH CORP.,Nonferrous Metals
5830.T,"Iyogin Holdings,Inc.",Banks
5831.T,"Shizuoka Financial Group,Inc.",Banks
5832.T,"Chugin Financial Group,Inc.",Banks
5838.T,"Rakuten Bank,Ltd.",Banks
5844.T,"Kyoto Financial Group,Inc.",Banks
5851.T,RYOBI LIMITED,Nonferrous Metals
5852.T,AHRESTY CORPORATION,Nonferrous Metals
5857.T,"ARE Holdings,Inc.",Nonferrous Metals
5889.T,"Japan Eyewear Holdings Co.,Ltd.",Retail Trade
5901.T,"Toyo Seikan Group Holdings,Ltd.",Metal Products
5902.T,HOKKAN HOLDINGS LIMITED,Metal Products
5911.T,Yokogawa Bridge Holdings Corp.,Metal Products
5929.T,Sanwa Holdings Corporation,Metal Products
5930.T,"Bunka Shutter Co.,Ltd.",Metal Products
5932.T,"Sankyo Tateyama,Inc.",Metal Products
5933.T,ALINCO INCORPORATED,Metal Products
5938.T,LIXIL Corporation,Metal Products
5943.T,NORITZ CORPORATION,Metal Products
5946.T,"CHOFU SEISAKUSHO CO.,LTD.",Metal Products
5947.T,RINNAI CORPORATION,Metal Products
5949.T,UNIPRES CORPORATION,Transportation Equipment
5957.T,"NITTOSEIKO CO.,LTD.",Metal Products
5959.T,"OKABE CO.,LTD.",Metal Products
5970.T,G-TEKT CORPORATION,Metal Products
5975.T,Topre Corporation,Metal Products
5976.T,"Neturen Co.,Ltd.",Metal Products
5981.T,"TOKYO ROPE MFG.CO.,LTD",Metal Products
5988.T,"PIOLAX,INC.",Metal Products
5989.T,"H-ONE CO.,LTD.",Metal Products
5991.T,"NHK SPRING CO.,LTD.",Metal Products
6005.T,"MIURA CO.,LTD.",Machinery
6013.T,"TAKUMA CO.,LTD.",Machinery
6027.T,"Bengo4.com,Inc.",Services
6035.T,"IR Japan Holdings,Ltd.",Services
6036.T,"KeePer Technical Laboratory Co.,Ltd.",Services
6047.T,Gunosy Inc.,Services
6050.T,E-Guardian Inc.,Services
6055.T,"JAPAN MATERIAL Co.,Ltd.",Services
6058.T,VECTOR INC.,Services
6062.T,CHARM CARE CORPORATION,Services
6070.T,"CAREERLINK CO.,LTD.",Services
6071.T,"IBJ,Inc.",Services
6073.T,ASANTE INCORPORATED,Services
6078.T,"Value HR Co.,Ltd.",Services
6080.T,"M&A Capital Partners Co.,Ltd.",Services
6088.T,SIGMAXYZ Holdings Inc.,Services
6089.T,"WILL GROUP,INC.",Services
6098.T,"Recruit Holdings Co.,Ltd.",Services
6099.T,ELAN Corporation,Services
6101.T,TSUGAMI CORPORATION,Machinery
6103.T,OKUMA Corporation,Machinery
6104.T,"SHIBAURA MACHINE CO.,LTD.",Machinery
6113.T,"AMADA CO.,LTD.",Machinery
6118.T,"AIDA ENGINEERING,LTD.",Machinery
6134.T,FUJI CORPORATION,Machinery
6135.T,"Makino Milling Machine Co.,Ltd.",Machinery
6136.T,OSG Corporation,Machinery
6140.T,"Asahi Diamond Industrial Co.,Ltd.",Machinery
6141.T,"DMG MORI CO.,LTD.",Machinery
6143.T,"Sodick Co.,Ltd.",Machinery
6146.T,DISCO CORPORATION,Machinery
6151.T,"NITTO KOHKI CO.,LTD.",Machinery
6167.T,"Fuji Die Co.,Ltd.",Machinery
6178.T,"JAPAN POST HOLDINGS Co.,Ltd.",Services
6183.T,"BELLSYSTEM24 HOLDINGS,INC.",Services
6184.T,"Kamakura Shinsho,Ltd.",Services
6191.T,AirTrip Corp.,Services
6194.T,"Atrae,Inc.",Services
6196.T,"Strike Company,Limited",Services
6197.T,Solasto Corporation,Services
6200.T,"Insource Co.,Ltd.",Services
6201.T,TOYOTA INDUSTRIES CORPORATION,Transportation Equipment
6209.T,NPR-RIKEN CORPORATION,Machinery
6222.T,"SHIMA SEIKI MFG.,LTD.",Machinery
6235.T,"OPTORUN CO.,LTD.",Machinery
6237.T,"IWAKI CO.,LTD.",Machinery
6238.T,FURYU CORPORATION,Machinery
6240.T,YAMASHIN-FILTER CORP.,Machinery
6247.T,"HISAKA WORKS,LTD.",Machinery
6250.T,YAMABIKO CORPORATION,Machinery
6254.T,"Nomura Micro Science Co.,Ltd.",Machinery
6258.T,HIRATA Corporation,Machinery
6264.T,"Marumae Co.,Ltd.",Machinery
6266.T,"TAZMO CO.,LTD.",Machinery
6268.T,Nabtesco Corporation,Machinery
6269.T,"MODEC,INC.",Machinery
6272.T,"RHEON AUTOMATIC MACHINERY CO.,LTD.",Machinery
6273.T,SMC CORPORATION,Machinery
6277.T,HOSOKAWA MICRON CORPORATION,Machinery
6278.T,UNION TOOL CO.,Machinery
6279.T,ZUIKO CORPORATION,Machinery
6282.T,OILES CORPORATION,Machinery
6284.T,"NISSEI ASB MACHINE CO.,LTD.",Machinery
6287.T,SATO CORPORATION,Machinery
6289.T,GIKEN LTD.,Machinery
6293.T,"NISSEI PLASTIC INDUSTRIAL CO.,LTD.",Machinery
6294.T,OKADA AIYON CORPORATION,Machinery
6298.T,"Y.A.C.HOLDINGS CO.,LTD.",Machinery
6301.T,KOMATSU LTD.,Machinery
6302.T,"SUMITOMO HEAVY INDUSTRIES,LTD.",Machinery
6305.T,"Hitachi Construction Machinery Co.,Ltd.",Machinery
6306.T,"NIKKO CO.,LTD.",Machinery
6309.T,"TOMOE ENGINEERING CO.,LTD.(TOMOE KOGYO CO.,LTD.)",Machinery
6310.T,"ISEKI & CO.,LTD.",Machinery
6315.T,TOWA CORPORATION,Machinery
6323.T,RORZE CORPORATION,Machinery
6326.T,KUBOTA CORPORATION,Machinery
6328.T,"EBARA JITSUGYO CO.,LTD.",Machinery
6330.T,TOYO ENGINEERING CORPORATION,Construction
6331.T,"Mitsubishi Kakoki Kaisha,Ltd.",Machinery
6332.T,"TSUKISHIMA HOLDINGS CO.,LTD.",Machinery
6333.T,"TEIKOKU ELECTRIC MFG. CO.,LTD.",Machinery
6339.T,"Sintokogio,Ltd.",Machinery
6340.T,SHIBUYA CORPORATION,Machinery
6345.T,AICHI CORPORATION,Machinery
6349.T,KOMORI CORPORATION,Machinery
6351.T,"TSURUMI MANUFACTURING CO.,LTD.",Machinery
6358.T,"SAKAI HEAVY INDUSTRIES,LTD.",Machinery
6361.T,EBARA CORPORATION,Machinery
6363.T,"Torishima Pump Mfg.Co.,Ltd.",Machinery
6364.T,AIRMAN CORPORATION,Machinery
6367.T,"DAIKIN INDUSTRIES,LTD.",Machinery
6368.T,ORGANO CORPORATION,Machinery
6369.T,TOYO KANETSU K.K.,Machinery
6370.T,Kurita Water Industries Ltd.,Machinery
6371.T,TSUBAKIMOTO CHAIN CO.,Machinery
6376.T,"NIKKISO CO.,LTD.",Precision Instruments
6379.T,RAIZNEXT Corporation,Construction
6381.T,ANEST IWATA Corporation,Machinery
6383.T,"DAIFUKU CO.,LTD.",Machinery
6387.T,SAMCO INC.,Machinery
6390.T,"KATO WORKS CO.,LTD.",Machinery
6395.T,TADANO LTD.,Machinery
6406.T,"FUJITEC CO.,LTD.",Machinery
6407.T,CKD Corporation,Machinery
6412.T,Heiwa Corporation,Machinery
6413.T,RISO KAGAKU CORPORATION,Machinery
6417.T,"SANKYO CO.,LTD.",Machinery
6418.T,"JAPAN CASH MACHINE CO.,LTD.",Machinery
6419.T,Mars Group Holdings Corporation,Machinery
6420.T,GALILEI CO.LTD.,Machinery
6430.T,"DAIKOKU DENKI CO.,LTD.",Machinery
6432.T,"TAKEUCHI MFG.CO.,LTD.",Machinery
6436.T,Amano Corporation,Machinery
6440.T,JUKI CORPORATION,Machinery
6445.T,JANOME Corporation,Machinery
6448.T,"BROTHER INDUSTRIES,LTD.",Electric Appliances
6454.T,"MAX CO.,LTD.",Machinery
6455.T,MORITA HOLDINGS CORPORATION,Transportation Equipment
6457.T,GLORY LTD.,Machinery
6458.T,SINKO INDUSTRIES LTD.,Machinery
6459.T,DAIWA INDUSTRIES LTD.,Machinery
6460.T,SEGA SAMMY HOLDINGS INC.,Machinery
6463.T,"TPR CO.,LTD.",Machinery
6464.T,"TSUBAKI NAKASHIMA CO.,LTD.",Machinery
6465.T,HOSHIZAKI CORPORATION,Machinery
6471.T,NSK Ltd.,Machinery
6472.T,NTN CORPORATION,Machinery
6473.T,JTEKT Corporation,Machinery
6474.T,NACHI-FUJIKOSHI CORP.,Machinery
6479.T,MINEBEA MITSUMI Inc.,Electric Appliances
6480.T,"NIPPON THOMPSON CO.,LTD.",Machinery
6481.T,"THK CO.,LTD.",Machinery
6486.T,"EAGLE INDUSTRY CO.,LTD.",Machinery
6490.T,PILLAR Corporation,Machinery
6498.T,KITZ CORPORATION,Machinery
6501.T,"Hitachi,Ltd.",Electric Appliances
6503.T,Mitsubishi Electric Corporation,Electric Appliances
6504.T,"FUJI ELECTRIC CO.,LTD.",Electric Appliances
6506.T,YASKAWA Electric Corporation,Electric Appliances
6507.T,"SINFONIA TECHNOLOGY CO.,LTD.",Electric Appliances
6508.T,MEIDENSHA CORPORATION,Electric Appliances
6516.T,"SANYO DENKI CO.,LTD.",Electric Appliances
6517.T,"Denyo Co.,Ltd.",Electric Appliances
6523.T,PHC Holdings Corporation,Electric Appliances
6525.T,KOKUSAI ELECTRIC CORPORATION,Electric Appliances
6526.T,Socionext Inc.,Electric Appliances
6532.T,"BayCurrent,Inc.",Services
6533.T,Orchestra Holdings Inc.,Services
6535.T,"i-mobile Co.,Ltd.",Services
6539.T,"MATCHING SERVICE JAPAN CO.,LTD.",Services
6544.T,"JAPAN ELEVATOR SERVICE HOLDINGS CO.,LTD.",Services
6560.T,"LTS,Inc.",Services
6564.T,"MIDAC HOLDINGS CO.,LTD.",Services
6571.T,"QB Net Holdings Co.,Ltd.",Services
6572.T,"OPEN Group,Inc.",Services
6584.T,"Sanoh Industrial Co.,Ltd.",Transportation Equipment
6586.T,Makita Corporation,Machinery
6588.T,TOSHIBA TEC CORPORATION,Electric Appliances
6590.T,SHIBAURA MECHATRONICS CORPORATION,Electric Appliances
6592.T,"MABUCHI MOTOR CO.,LTD.",Electric Appliances
6594.T,NIDEC CORPORATION,Electric Appliances
6615.T,"UMC Electronics Co.,Ltd.",Electric Appliances
6616.T,TOREX SEMICONDUCTOR LTD.,Electric Appliances
6617.T,"TAKAOKA TOKO CO.,LTD.",Electric Appliances
6619.T,W-SCOPE Corporation,Electric Appliances
6620.T,"Miyakoshi Holdings,Inc.",Real Estate
6622.T,DAIHEN CORPORATION,Electric Appliances
6630.T,YA-MAN LTD.,Electric Appliances
6632.T,JVCKENWOOD Corporation,Electric Appliances
6638.T,"MIMAKI ENGINEERING CO.,LTD.",Electric Appliances
6644.T,"Osaki Electric Co.,Ltd.",Electric Appliances
6645.T,OMRON Corporation,Electric Appliances
6651.T,NITTO KOGYO CORPORATION,Electric Appliances
6652.T,IDEC CORPORATION,Electric Appliances
6653.T,"SEIKO ELECTRIC CO.,LTD.",Electric Appliances
6674.T,GS Yuasa Corporation,Electric Appliances
6699.T,"DIAMOND ELECTRIC HOLDINGS Co.,Ltd.",Electric Appliances
6701.T,NEC Corporation,Electric Appliances
6702.T,Fujitsu Limited,Electric Appliances
6703.T,"Oki Electric Industry Company,Limited",Electric Appliances
6706.T,"DKK Co.,Ltd.",Electric Appliances
6707.T,"Sanken Electric Co.,Ltd.",Electric Appliances
6718.T,"AIPHONE CO.,LTD.",Electric Appliances
6723.T,Renesas Electronics Corporation,Electric Appliances
6724.T,SEIKO EPSON CORPORATION,Electric Appliances
6727.T,"Wacom Co.,Ltd.",Electric Appliances
6728.T,"ULVAC, Inc.",Electric Appliances
6737.T,EIZO Corporation,Electric Appliances
6740.T,Japan Display Inc.,Electric Appliances
6741.T,"Nippon Signal Company,Limited",Electric Appliances
6742.T,"Kyosan Electric Manufacturing Co.,Ltd.",Electric Appliances
6744.T,NOHMI BOSAI LTD.,Electric Appliances
6745.T,HOCHIKI CORPORATION,Electric Appliances
6750.T,"ELECOM CO.,LTD.",Electric Appliances
6752.T,Panasonic Holdings Corporation,Electric Appliances
6753.T,Sharp Corporation,Electric Appliances
6754.T,ANRITSU CORPORATION,Electric Appliances
6758.T,SONY GROUP CORPORATION,Electric Appliances
6762.T,TDK Corporation,Electric Appliances
6763.T,"Teikoku Tsushin Kogyo Co.,Ltd.",Electric Appliances
6768.T,TAMURA CORPORATION,Electric Appliances
6770.T,"ALPS ALPINE CO.,LTD.",Electric Appliances
6779.T,"NIHON DEMPA KOGYO CO.,LTD.",Electric Appliances
6785.T,"SUZUKI CO.,LTD.",Electric Appliances
6787.T,"Meiko Electronics Co.,Ltd.",Electric Appliances
6788.T,"NIHON TRIM CO.,LTD.",Electric Appliances
6794.T,"Foster Electric Company,Limited",Electric Appliances
6798.T,SMK Corporation,Electric Appliances
6800.T,"YOKOWO CO.,LTD.",Electric Appliances
6804.T,Hosiden Corporation,Electric Appliances
6806.T,"HIROSE ELECTRIC CO.,LTD.",Electric Appliances
6807.T,"Japan Aviation Electronics Industry,Limited",Electric Appliances
6809.T,TOA CORPORATION,Electric Appliances
6810.T,"Maxell,Ltd.",Electric Appliances
6814.T,"FURUNO ELECTRIC CO.,LTD.",Electric Appliances
6817.T,SUMIDA CORPORATION,Electric Appliances
6820.T,ICOM INCORPORATED,Electric Appliances
6823.T,"RION CO.,LTD.",Electric Appliances
6841.T,YOKOGAWA ELECTRIC CORPORATION,Electric Appliances
6844.T,"Shindengen Electric Manufacturing Co.,Ltd.",Electric Appliances
6845.T,Azbil Corporation,Electric Appliances
6849.T,NIHON KOHDEN CORPORATION,Electric Appliances
6850.T,Chino Corporation,Electric Appliances
6856.T,"HORIBA,Ltd.",Electric Appliances
6857.T,ADVANTEST CORPORATION,Electric Appliances
6859.T,ESPEC CORP.,Electric Appliances
6861.T,KEYENCE CORPORATION,Electric Appliances
6866.T,HIOKI E.E.CORPORATION,Electric Appliances
6869.T,SYSMEX CORPORATION,Electric Appliances
6871.T,"MICRONICS JAPAN CO.,LTD.",Electric Appliances
6875.T,MegaChips Corporation,Electric Appliances
6902.T,DENSO CORPORATION,Transportation Equipment
6905.T,"COSEL CO.,LTD.",Electric Appliances
6908.T,"IRISO ELECTRONICS CO.,LTD.",Electric Appliances
6914.T,"OPTEX GROUP Company,Limited",Electric Appliances
6920.T,Lasertec Corporation,Electric Appliances
6923.T,"Stanley Electric Co.,Ltd.",Electric Appliances
6925.T,USHIO INC.,Electric Appliances
6929.T,"NIPPON CERAMIC CO.,LTD.",Electric Appliances
6941.T,"YAMAICHI ELECTRONICS CO.,LTD.",Electric Appliances
6947.T,ZUKEN INC.,Electric Appliances
6951.T,JEOL Ltd.,Electric Appliances
6952.T,"CASIO COMPUTER CO.,LTD.",Electric Appliances
6954.T,FANUC CORPORATION,Electric Appliances
6958.T,CMK CORPORATION,Electric Appliances
6961.T,ENPLAS CORPORATION,Electric Appliances
6962.T,DAISHINKU CORP.,Electric Appliances
6963.T,ROHM COMPANY LIMITED,Electric Appliances
6965.T,HAMAMATSU PHOTONICS K.K.,Electric Appliances
6966.T,"Mitsui High-tec,Inc.",Electric Appliances
6971.T,KYOCERA CORPORATION,Electric Appliances
6976.T,"TAIYO YUDEN CO.,LTD.",Electric Appliances
6981.T,"Murata Manufacturing Co.,Ltd.",Electric Appliances
6986.T,FUTABA CORPORATION,Electric Appliances
6988.T,NITTO DENKO CORPORATION,Chemicals
6995.T,"TOKAI RIKA CO.,LTD.",Transportation Equipment
6996.T,NICHICON CORPORATION,Electric Appliances
6997.T,NIPPON CHEMI-CON CORPORATION,Electric Appliances
6999.T,KOA CORPORATION,Electric Appliances
7003.T,"MITSUI E&S Co.,Ltd.",Machinery
7004.T,Kanadevia Corporation,Machinery
7011.T,"Mitsubishi Heavy Industries,Ltd.",Machinery
7012.T,"Kawasaki Heavy Industries,Ltd.",Transportation Equipment
7013.T,IHI Corporation,Machinery
7033.T,"Management Solutions Co.,Ltd.",Services
7034.T,"Prored Partners CO.,LTD.",Services
7038.T,Frontier Management Inc.,Services
7059.T,"COPRO-HOLDINGS.Co.,Ltd.",Services
7071.T,"Amvis Holdings,Inc.",Services
7085.T,"CURVES HOLDINGS Co.,Ltd.",Services
7088.T,Forum Engineering Inc.,Services
7092.T,Fast Fitness Japan Incorporated,Services
7095.T,"Macbee Planet,Inc.",Services
7102.T,"NIPPON SHARYO,LTD.",Transportation Equipment
7128.T,MARUKA FURUSATO Corporation,Wholesale Trade
7130.T,"YAMAE GROUP HOLDINGS CO.,LTD.",Wholesale Trade
7148.T,"Financial Partners Group Co.,Ltd.",Securities and Commodities Futures
7157.T,LIFENET INSURANCE COMPANY,Insurance
7164.T,"ZENKOKU HOSHO Co.,Ltd.",Other Financing Business
7167.T,"Mebuki Financial Group,Inc.",Banks
7172.T,"Japan Investment Adviser Co.,Ltd.",Securities and Commodities Futures
7173.T,"Tokyo Kiraboshi Financial Group,Inc.",Banks
7180.T,"Kyushu Financial Group,Inc.",Banks
7181.T,"JAPAN POST INSURANCE Co.,Ltd.",Insurance
7182.T,"JAPAN POST BANK Co.,Ltd.",Banks
7184.T,"THE FIRST BANK OF TOYAMA,LTD.",Banks
7186.T,"Yokohama Financial Group,Inc.",Banks
7187.T,"J-LEASE CO.,LTD.",Other Financing Business
7189.T,"Nishi-Nippon Financial Holdings,Inc.",Banks
7198.T,SBI ARUHI Corporation,Other Financing Business
7199.T,"Premium Group Co.,Ltd.",Other Financing Business
7201.T,"NISSAN MOTOR CO.,LTD.",Transportation Equipment
7202.T,ISUZU MOTORS LIMITED,Transportation Equipment
7203.T,TOYOTA MOTOR CORPORATION,Transportation Equipment
7205.T,"HINO MOTORS,LTD.",Transportation Equipment
7211.T,MITSUBISHI MOTORS CORPORATION,Transportation Equipment
7220.T,"MUSASHI SEIMITSU INDUSTRY CO.,LTD.",Transportation Equipment
7224.T,"ShinMaywa Industries,LTD.",Transportation Equipment
7226.T,"KYOKUTO KAIHATSU KOGYO CO.,LTD.",Transportation Equipment
7231.T,"TOPY INDUSTRIES,LIMITED",Transportation Equipment
7236.T,"T.RAD Co., Ltd.",Transportation Equipment
7238.T,"AKEBONO BRAKE INDUSTRY CO.,LTD.",Transportation Equipment
7239.T,"TACHI-S CO.,LTD.",Transportation Equipment
7240.T,NOK CORPORATION,Transportation Equipment
7241.T,"FUTABA INDUSTRIAL CO.,LTD.",Transportation Equipment
7242.T,KYB Corporation,Transportation Equipment
7244.T,"ICHIKOH INDUSTRIES,LTD.",Electric Appliances
7245.T,"DAIDO METAL CO.,LTD.",Transportation Equipment
7246.T,"PRESS KOGYO CO.,LTD.",Transportation Equipment
7250.T,"PACIFIC INDUSTRIAL CO.,LTD.",Transportation Equipment
7259.T,AISIN CORPORATION,Transportation Equipment
7261.T,Mazda Motor Corporation,Transportation Equipment
7267.T,"HONDA MOTOR CO.,LTD.",Transportation Equipment
7269.T,SUZUKI MOTOR CORPORATION,Transportation Equipment
7270.T,SUBARU CORPORATION,Transportation Equipment
7272.T,"Yamaha Motor Co.,Ltd.",Transportation Equipment
7276.T,"KOITO MANUFACTURING CO.,LTD.",Electric Appliances
7278.T,EXEDY Corporation,Transportation Equipment
7280.T,MITSUBA Corporation,Electric Appliances
7282.T,"TOYODA GOSEI CO.,LTD.",Transportation Equipment
7283.T,"AISAN INDUSTRY CO.,LTD.",Transportation Equipment
7294.T,YOROZU CORPORATION,Transportation Equipment
7296.T,"F.C.C.CO.,LTD.",Transportation Equipment
7309.T,SHIMANO INC.,Transportation Equipment
7313.T,"TS TECH CO.,LTD.",Transportation Equipment
7322.T,"San ju San Financial Group,Inc.",Banks
7327.T,"Daishi Hokuetsu Financial Group,Inc.",Banks
7337.T,"Hirogin Holdings,Inc.",Banks
7347.T,"Mercuria Holdings Co.,Ltd.",Securities and Commodities Futures
7350.T,"Okinawa Financial Group,Inc.",Banks
7354.T,Direct Marketing MiX Inc.,Services
7366.T,LITALICO Inc.,Services
7380.T,"Juroku Financial Group,Inc.",Banks
7381.T,"CCI Group,Inc.",Banks
7383.T,"Net Protections Holdings,Inc.",Other Financing Business
7384.T,"Procrea Holdings,Inc.",Banks
7388.T,FP Partner Inc.,Insurance
7389.T,"Aichi Financial Group,Inc.",Banks
7414.T,"ONOKEN CO.,LTD.",Wholesale Trade
7419.T,"Nojima Co.,Ltd.",Retail Trade
7420.T,"SATORI ELECTRIC CO.,LTD.",Wholesale Trade
7421.T,"KAPPA・CREATE CO.,LTD.",Retail Trade
7433.T,"Hakuto Co.,Ltd.",Wholesale Trade
7438.T,KONDOTEC INC.,Wholesale Trade
7447.T,"NAGAILEBEN Co.,Ltd.",Wholesale Trade
7453.T,"RYOHIN KEIKAKU CO.,LTD.",Retail Trade
7456.T,"MATSUDA SANGYO Co.,Ltd.",Wholesale Trade
7458.T,"DAIICHIKOSHO CO.,LTD.",Wholesale Trade
7459.T,MEDIPAL HOLDINGS CORPORATION,Wholesale Trade
7466.T,SPK CORPORATION,Wholesale Trade
7467.T,"HAGIWARA ELECTRIC HOLDINGS CO.,LTD.",Wholesale Trade
7475.T,"ALBIS Co.,Ltd.",Retail Trade
7476.T,AS ONE CORPORATION,Wholesale Trade
7482.T,"SHIMOJIMA Co.,Ltd.",Wholesale Trade
7483.T,"DOSHISHA CO.,LTD.",Wholesale Trade
7504.T,KOHSOKU CORPORATION,Wholesale Trade
7508.T,G-7 HOLDINGS Inc.,Retail Trade
7510.T,TAKEBISHI CORPORATION,Wholesale Trade
7513.T,"Kojima Co.,Ltd.",Retail Trade
7516.T,"KOHNAN SHOJI CO.,LTD.",Retail Trade
7520.T,"Eco's Co.,Ltd.",Retail Trade
7522.T,"WATAMI CO.,LTD.",Retail Trade
7525.T,RIX CORPORATION,Wholesale Trade
7532.T,Pan Pacific International Holdings Corporation,Retail Trade
7537.T,MARUBUN CORPORATION,Wholesale Trade
7545.T,"NISHIMATSUYA CHAIN Co.,Ltd.",Retail Trade
7550.T,"ZENSHO HOLDINGS CO.,LTD.",Retail Trade
75505.T,"Series 1 Bond-Type Class Shares of ZENSHO HOLDINGS CO.,LTD.",Retail Trade
7552.T,HAPPINET CORPORATION,Wholesale Trade
7554.T,KOURAKUEN CORPORATION,Retail Trade
7575.T,"Japan Lifeline Co.,Ltd.",Wholesale Trade
7581.T,"SAIZERIYA CO.,LTD.",Retail Trade
7593.T,"VT HOLDINGS CO.,LTD.",Retail Trade
7595.T,ARGO GRAPHICS Inc.,Information & Communication
7596.T,"UORIKI CO.,LTD.",Retail Trade
7599.T,IDOM Inc.,Wholesale Trade
7600.T,"Japan Medical Dynamic Marketing,INC.",Precision Instruments
7606.T,UNITED ARROWS LTD.,Retail Trade
7607.T,"Shinwa Co.,Ltd.",Wholesale Trade
7609.T,"Daitron Co.,Ltd.",Wholesale Trade
7611.T,HIDAY HIDAKA Corp.,Retail Trade
7613.T,SIIX CORPORATION,Wholesale Trade
7616.T,"COLOWIDE CO.,LTD.",Retail Trade
7628.T,OHASHI TECHNICA INC.,Wholesale Trade
7630.T,"ICHIBANYA CO.,LTD.",Retail Trade
7637.T,"Hakudo Co.,Ltd.",Wholesale Trade
7649.T,"SUGI HOLDINGS Co.,LTD.",Retail Trade
7679.T,"YAKUODO HOLDINGS Co.,Ltd.",Retail Trade
7683.T,"WA,Inc.",Retail Trade
7701.T,Shimadzu Corporation,Precision Instruments
7715.T,"NAGANO KEIKI CO.,LTD.",Precision Instruments
7717.T,"V Technology Co.,Ltd.",Precision Instruments
7718.T,"STAR MICRONICS CO.,LTD.",Machinery
7721.T,TOKYO KEIKI INC.,Precision Instruments
7723.T,"Aichi Tokei Denki Co.,Ltd.",Precision Instruments
7725.T,INTER ACTION Corporation,Precision Instruments
7729.T,"TOKYO SEIMITSU CO.,LTD.",Precision Instruments
7730.T,"MANI,INC.",Precision Instruments
7731.T,NIKON CORPORATION,Precision Instruments
7733.T,OLYMPUS CORPORATION,Precision Instruments
7734.T,"RIKEN KEIKI CO.,LTD.",Precision Instruments
7735.T,"SCREEN Holdings Co.,Ltd.",Electric Appliances
7739.T,CANON ELECTRONICS INC.,Electric Appliances
7740.T,"Tamron Co.,Ltd.",Precision Instruments
7741.T,HOYA CORPORATION,Precision Instruments
7743.T,"SEED CO.,LTD.",Precision Instruments
7744.T,"Noritsu Koki Co.,Ltd.",Precision Instruments
7745.T,"A&D HOLON Holdings Company,Limited",Precision Instruments
7747.T,"ASAHI INTECC CO.,LTD.",Precision Instruments
7751.T,CANON INC.,Electric Appliances
7752.T,"RICOH COMPANY,LTD.",Electric Appliances
7762.T,"Citizen Watch Co.,Ltd.",Precision Instruments
7769.T,"RHYTHM CO.,LTD.",Precision Instruments
7780.T,"Menicon Co.,Ltd.",Precision Instruments
7817.T,"PARAMOUNT BED HOLDINGS CO.,LTD.",Other Products
7818.T,"TRANSACTION CO.,Ltd.",Other Products
7820.T,"NIHON FLUSH CO.,LTD.",Other Products
7821.T,"MAEDA KOSEN CO.,LTD.",Other Products
7826.T,"FURUYA METAL CO.,LTD.",Other Products
7832.T,Bandai Namco Holdings Inc.,Other Products
7839.T,"SHOEI CO.,LTD.",Other Products
7840.T,"FRANCE BED HOLDINGS CO.,LTD.",Other Products
7844.T,Marvelous Inc.,Information & Communication
7846.T,PILOT CORPORATION,Other Products
7856.T,HAGIHARA INDUSTRIES INC.,Other Products
7860.T,Avex Inc.,Information & Communication
7864.T,"FUJI SEAL INTERNATIONAL,INC.",Other Products
7867.T,"TOMY COMPANY,LTD.",Other Products
7868.T,"KOSAIDO Holdings Co.,Ltd.",Other Products
7874.T,"LEC,INC.",Chemicals
7888.T,SANKO GOSEI LTD.,Chemicals
7893.T,PRONEXUS INC.,Other Products
7911.T,TOPPAN Holdings Inc.,Other Products
7912.T,"Dai Nippon Printing Co.,Ltd.",Other Products
7914.T,"Kyodo Printing Co.,Ltd.",Other Products
7915.T,"Nissha Co.,Ltd.",Other Products
7917.T,ZACROS Corporation,Chemicals
7921.T,TAKARA & COMPANY LTD.,Other Products
7925.T,"MAEZAWA KASEI INDUSTRIES CO.,LTD.",Chemicals
7931.T,"MIRAI INDUSTRY CO.,LTD.",Chemicals
7936.T,ASICS Corporation,Other Products
7942.T,JSP Corporation,Chemicals
7943.T,NICHIHA CORPORATION,Glass and Ceramics Products
7944.T,Roland Corporation,Other Products
7947.T,FP CORPORATION,Chemicals
7949.T,"KOMATSU WALL INDUSTRY CO.,LTD.",Other Products
7951.T,YAMAHA CORPORATION,Other Products
7952.T,"Kawai Musical Instruments Manufacturing Co.,Ltd.",Other Products
7955.T,Cleanup Corporation,Other Products
7956.T,PIGEON CORPORATION,Other Products
7962.T,"KING JIM CO.,LTD.",Other Products
7965.T,Zojirushi Corporation,Electric Appliances
7966.T,LINTEC Corporation,Other Products
7970.T,"Shin-Etsu Polymer Co.,Ltd.",Chemicals
7972.T,ITOKI CORPORATION,Other Products
7974.T,"Nintendo Co.,Ltd.",Other Products
7976.T,"MITSUBISHI PENCIL COMPANY,LIMITED",Other Products
7979.T,SHOFU INC.,Precision Instruments
7981.T,"TAKARA STANDARD CO.,LTD.",Other Products
7984.T,"KOKUYO CO.,LTD.",Other Products
7988.T,NIFCO INC.,Chemicals
7989.T,TACHIKAWA CORPORATION,Metal Products
7990.T,"GLOBERIDE,Inc.",Other Products
7994.T,OKAMURA CORPORATION,Other Products
7995.T,"VALQUA,LTD.",Chemicals
8001.T,ITOCHU Corporation,Wholesale Trade
8002.T,Marubeni Corporation,Wholesale Trade
8005.T,Scroll Corporation,Retail Trade
8007.T,"Takashima & Co.,Ltd.",Wholesale Trade
8008.T,YONDOSHI HOLDINGS INC.,Retail Trade
8011.T,SANYO SHOKAI LTD.,Textiles and Apparels
8012.T,"NAGASE & CO.,LTD.",Wholesale Trade
8014.T,"CHORI CO.,LTD.",Wholesale Trade
8015.T,TOYOTA TSUSHO CORPORATION,Wholesale Trade
8016.T,"ONWARD HOLDINGS CO.,LTD.",Textiles and Apparels
8020.T,KANEMATSU CORPORATION,Wholesale Trade
8022.T,Mizuno Corporation,Other Products
8031.T,"MITSUI & CO.,LTD.",Wholesale Trade
8032.T,JAPAN PULP AND PAPER COMPANY LIMITED,Wholesale Trade
8035.T,Tokyo Electron Limited,Electric Appliances
8037.T,KAMEI CORPORATION,Wholesale Trade
8043.T,Starzen Company Limited,Wholesale Trade
8050.T,SEIKO GROUP CORPORATION,Precision Instruments
8051.T,YAMAZEN CORPORATION,Wholesale Trade
8052.T,"TSUBAKIMOTO KOGYO CO.,LTD.",Wholesale Trade
8053.T,"SUMITOMO CORPORATION (SUMITOMO SHOJI KAISHA,LTD.)",Wholesale Trade
8056.T,BIPROGY Inc.,Information & Communication
8057.T,"UCHIDA YOKO CO.,LTD.",Wholesale Trade
8058.T,Mitsubishi Corporation,Wholesale Trade
8059.T,"DAIICHI JITSUGYO CO.,LTD.",Wholesale Trade
8060.T,Canon Marketing Japan Inc.,Wholesale Trade
8061.T,SEIKA CORPORATION,Wholesale Trade
8065.T,SATO SHO-JI CORPORATION,Wholesale Trade
8070.T,"TOKYO SANGYO CO.,LTD.",Wholesale Trade
8074.T,"YUASA TRADING CO.,LTD.",Wholesale Trade
8075.T,Shinsho Corporation,Wholesale Trade
8078.T,"HANWA CO.,LTD.",Wholesale Trade
8079.T,SHOEI FOODS CORPORATION,Wholesale Trade
8081.T,KANADEN CORPORATION,Wholesale Trade
8084.T,RYODEN CORPORATION,Wholesale Trade
8086.T,NIPRO CORPORATION,Precision Instruments
8088.T,IWATANI  CORPORATION,Wholesale Trade
8091.T,"NICHIMO CO.,LTD.",Wholesale Trade
8093.T,"Kyokuto Boeki Kaisha,Limited",Wholesale Trade
8095.T,"Astena Holdings Co.,Ltd.",Wholesale Trade
8097.T,"SAN-AI OBBLI CO.,LTD.",Wholesale Trade
8098.T,"Inabata & Co.,Ltd.",Wholesale Trade
8101.T,GSI Creos Corporation,Wholesale Trade
8103.T,Meiwa Corporation,Wholesale Trade
8111.T,Goldwin Inc.,Textiles and Apparels
8113.T,UNICHARM CORPORATION,Chemicals
8125.T,"Wakita & Co.,LTD.",Wholesale Trade
8129.T,"TOHO HOLDINGS CO.,LTD.",Wholesale Trade
8130.T,Sangetsu Corporation,Wholesale Trade
8132.T,"SINANEN HOLDINGS CO.,LTD.",Wholesale Trade
8133.T,"ITOCHU ENEX CO.,LTD.",Wholesale Trade
8136.T,"Sanrio Company,Ltd.",Wholesale Trade
8137.T,SUN-WA TECHNOS CORPORATION,Wholesale Trade
8141.T,"Shinko Shoji Co.,Ltd.",Wholesale Trade
8142.T,"TOHO Co.,Ltd.",Wholesale Trade
8150.T,"SANSHIN ELECTRONICS CO.,LTD.",Wholesale Trade
8151.T,TOYO Corporation,Wholesale Trade
8153.T,"MOS FOOD SERVICES,INC.",Wholesale Trade
8154.T,"KAGA ELECTRONICS CO.,LTD.",Wholesale Trade
8157.T,"TSUZUKI DENKI CO.,LTD.",Information & Communication
8158.T,"SODA NIKKA CO.,LTD.",Wholesale Trade
8159.T,"TACHIBANA ELETECH CO.,LTD.",Wholesale Trade
8160.T,"KISOJI CO.,LTD.",Retail Trade
8163.T,"SRS HOLDINGS CO.,LTD.",Retail Trade
8167.T,"RETAIL PARTNERS CO.,LTD.",Retail Trade
8173.T,"Joshin Denki Co.,Ltd.",Retail Trade
8174.T,"NIPPON GAS CO.,LTD.",Retail Trade
8179.T,"ROYAL HOLDINGS Co., Ltd.",Retail Trade
8185.T,"CHIYODA CO.,LTD.",Retail Trade
8194.T,LIFE CORPORATION,Retail Trade
8200.T,"RINGER HUT CO.,LTD.",Retail Trade
8203.T,MrMax Holdings Ltd.,Retail Trade
8214.T,AOKI Holdings Inc.,Retail Trade
8217.T,"OKUWA CO.,LTD.",Retail Trade
8218.T,"KOMERI CO.,LTD.",Retail Trade
8219.T,"AOYAMA TRADING Co.,Ltd.",Retail Trade
8227.T,"SHIMAMURA Co.,Ltd.",Retail Trade
8233.T,"Takashimaya Company,Limited",Retail Trade
8237.T,"MATSUYA CO.,LTD.",Retail Trade
8242.T,H2O RETAILING CORPORATION,Retail Trade
8252.T,"MARUI GROUP CO.,LTD.",Retail Trade
8253.T,"Credit Saison Co.,Ltd.",Other Financing Business
8255.T,Axial Retailing Inc.,Retail Trade
8267.T,"AEON CO.,LTD.",Retail Trade
8273.T,"IZUMI CO.,LTD.",Retail Trade
8276.T,"HEIWADO CO.,LTD.",Retail Trade
8278.T,"FUJI CO.,LTD.",Retail Trade
8281.T,"XEBIO holdings CO.,LTD.",Retail Trade
8282.T,K'S HOLDINGS CORPORATION,Retail Trade
8283.T,PALTAC CORPORATION,Wholesale Trade
8303.T,"SBI Shinsei Bank,Limited",Banks
8304.T,"Aozora Bank,Ltd.",Banks
8306.T,"Mitsubishi UFJ Financial Group,Inc.",Banks
8308.T,"Resona Holdings, Inc.",Banks
8309.T,"Sumitomo Mitsui Trust Group,Inc.",Banks
8316.T,"Sumitomo Mitsui Financial Group,Inc.",Banks
8331.T,"The Chiba Bank,Ltd.",Banks
8334.T,"The Gunma Bank,Ltd.",Banks
8336.T,"The Musashino Bank,Ltd.",Banks
8337.T,"The Chiba Kogyo Bank,Ltd.",Banks
8338.T,"Tsukuba Bank,Ltd.",Banks
8341.T,"The 77 Bank,Ltd.",Banks
8343.T,"THE AKITA BANK,LTD.",Banks
8344.T,"The Yamagata Bank,Ltd.",Banks
8345.T,"The Bank of Iwate,Ltd.",Banks
8346.T,"The Toho Bank,Ltd.",Banks
8354.T,"Fukuoka Financial Group,Inc.",Banks
8358.T,Suruga Bank Ltd.,Banks
8359.T,"The Hachijuni Bank,Ltd.",Banks
8360.T,"The Yamanashi Chuo Bank,Ltd.",Banks
8361.T,"The Ogaki Kyoritsu Bank,Ltd.",Banks
8362.T,"The Fukui Bank,Ltd.",Banks
8364.T,"THE SHIMIZU BANK,LTD.",Banks
8366.T,"THE SHIGA BANK,LTD.",Banks
8367.T,"The Nanto Bank,Ltd.",Banks
8368.T,"The Hyakugo Bank,Ltd.",Banks
8370.T,"The Kiyo Bank,Ltd.",Banks
8377.T,"Hokuhoku Financial Group, Inc.",Banks
8381.T,"The San-in Godo Bank,Ltd.",Banks
8386.T,"The Hyakujushi Bank,Ltd.",Banks
8387.T,"The Shikoku Bank, Ltd.",Banks
8388.T,"The Awa Bank,Ltd.",Banks
8392.T,"THE OITA BANK,LTD.",Banks
8393.T,"The Miyazaki Bank,Ltd.",Banks
8395.T,THE BANK OF SAGA LTD.,Banks
8399.T,"Bank of The Ryukyus,Limited",Banks
8410.T,"Seven Bank,Ltd.",Banks
8411.T,"Mizuho Financial Group,Inc.",Banks
8418.T,"Yamaguchi Financial Group,Inc.",Banks
8424.T,"Fuyo General Lease Co.,Ltd.",Other Financing Business
8425.T,"Mizuho Leasing Company,Limited",Other Financing Business
8439.T,Tokyo Century Corporation,Other Financing Business
8473.T,"SBI Holdings,Inc.",Securities and Commodities Futures
8511.T,"Japan Securities Finance Co.,Ltd.",Other Financing Business
8515.T,AIFUL CORPORATION,Other Financing Business
8522.T,"The Bank of Nagoya,Ltd.",Banks
8524.T,"North Pacific Bank,Ltd.",Banks
8541.T,"The Ehime Bank,Ltd.",Banks
8544.T,"The Keiyo Bank,Ltd.",Banks
8550.T,"THE TOCHIGI BANK,LTD.",Banks
8551.T,"The Kita-Nippon Bank,Ltd.",Banks
8558.T,"THE TOWA BANK,LTD.",Banks
8566.T,"RICOH LEASING COMPANY,LTD.",Other Financing Business
8570.T,"AEON Financial Service Co.,Ltd.",Other Financing Business
8584.T,"JACCS CO.,LTD.",Other Financing Business
8585.T,Orient Corporation,Other Financing Business
8591.T,ORIX CORPORATION,Other Financing Business
8593.T,Mitsubishi HC Capital Inc.,Other Financing Business
8595.T,"JAFCO Group Co.,Ltd.",Securities and Commodities Futures
8600.T,"TOMONY Holdings,Inc.",Banks
8601.T,Daiwa Securities Group Inc.,Securities and Commodities Futures
8604.T,"Nomura Holdings, Inc.",Securities and Commodities Futures
8609.T,OKASAN SECURITIES GROUP INC.,Securities and Commodities Futures
8613.T,"Marusan Securities Co.,Ltd.",Securities and Commodities Futures
8614.T,"TOYO SECURITIES CO.,LTD.",Securities and Commodities Futures
8616.T,"Tokai Tokyo Financial Holdings,Inc.",Securities and Commodities Futures
8622.T,"Mito Securities Co.,Ltd.",Securities and Commodities Futures
8624.T,"Ichiyoshi Securities Co.,Ltd.",Securities and Commodities Futures
8628.T,"MATSUI SECURITIES CO.,LTD.",Securities and Commodities Futures
8630.T,"Sompo Holdings,Inc.",Insurance
8697.T,"Japan Exchange Group,Inc.",Other Financing Business
8698.T,"Monex Group,Inc.",Securities and Commodities Futures
8706.T,"KYOKUTO SECURITIES CO.,LTD.",Securities and Commodities Futures
8707.T,"IwaiCosmo Holdings,Inc.",Securities and Commodities Futures
8708.T,"AIZAWA SECURITIES GROUP CO.,LTD.",Securities and Commodities Futures
8713.T,FIDEA Holdings Co.Ltd.,Banks
8714.T,"Senshu Ikeda Holdings,Inc.",Banks
8715.T,"Anicom Holdings,Inc.",Insurance
8725.T,"MS&AD Insurance Group Holdings,Inc.",Insurance
8729.T,Sony Financial Group Inc.,Insurance
8739.T,"SPARX Group Co.,Ltd.",Securities and Commodities Futures
8750.T,"Dai-ichi Life Holdings,Inc.",Insurance
8766.T,"Tokio Marine Holdings,Inc.",Insurance
8771.T,"eGuarantee,Inc.",Other Financing Business
8793.T,NEC Capital Solutions Limited,Other Financing Business
8795.T,"T&D Holdings, Inc.",Insurance
8798.T,"Advance Create Co.,Ltd.",Insurance
8801.T,"Mitsui Fudosan Co.,Ltd.",Real Estate
8802.T,"Mitsubishi Estate Company,Limited",Real Estate
8803.T,"HEIWA REAL ESTATE CO.,LTD.",Real Estate
8804.T,"Tokyo Tatemono Co.,Ltd.",Real Estate
8818.T,"Keihanshin Building Co.,Ltd.",Real Estate
8830.T,"Sumitomo Realty & Development Co.,Ltd.",Real Estate
8848.T,LEOPALACE21 CORPORATION,Real Estate
8850.T,STARTS CORPORATION INC.,Real Estate
8860.T,FUJI CORPORATION LIMITED,Real Estate
8864.T,"AIRPORT FACILITIES Co.,LTD.",Real Estate
8876.T,"Relo Group,Inc.",Services
8877.T,ESLEAD CORPORATION,Real Estate
8881.T,"NISSHIN GROUP HOLDINGS Company,Limited",Real Estate
8892.T,ES-CON JAPAN Ltd.,Real Estate
8897.T,"MIRARTH HOLDINGS,Inc.",Real Estate
8919.T,"KATITAS CO.,LTD",Real Estate
8923.T,TOSEI CORPORATION,Real Estate
8934.T,"Sun Frontier Fudousan Co.,Ltd.",Real Estate
8935.T,"FJ NEXT HOLDINGS CO.,LTD.",Real Estate
8999.T,Grandy House Corporation,Real Estate
9001.T,"TOBU RAILWAY CO.,LTD.",Land Transportation
9003.T,"Sotetsu Holdings,Inc.",Land Transportation
9005.T,TOKYU CORPORATION,Land Transportation
9006.T,Keikyu Corporation,Land Transportation
9007.T,"Odakyu Electric Railway Co.,Ltd.",Land Transportation
9008.T,Keio Corporation,Land Transportation
9009.T,"Keisei Electric Railway Co.,Ltd.",Land Transportation
9010.T,"FUJI KYUKO CO.,LTD.",Land Transportation
9020.T,East Japan Railway Company,Land Transportation
9021.T,West Japan Railway Company,Land Transportation
9022.T,Central Japan Railway Company,Land Transportation
9023.T,"Tokyo Metro Co.,Ltd.",Land Transportation
9024.T,SEIBU HOLDINGS INC.,Land Transportation
9025.T,"Konoike Transport Co.,Ltd.",Land Transportation
9031.T,"Nishi-Nippon Railroad Co.,Ltd.",Land Transportation
9037.T,"HAMAKYOREX CO.,LTD.",Land Transportation
9039.T,"Sakai Moving Service Co.,Ltd.",Land Transportation
9041.T,"Kintetsu Group Holdings Co.,Ltd.",Land Transportation
9042.T,"Hankyu Hanshin Holdings,Inc.",Land Transportation
9044.T,"Nankai Electric Railway Co.,Ltd.",Land Transportation
9045.T,"Keihan Holdings Co.,Ltd.",Land Transportation
9046.T,"Kobe Electric Railway Co.,Ltd.",Land Transportation
9048.T,"Nagoya Railroad Co., Ltd.",Land Transportation
9052.T,"Sanyo Electric Railway Co.,Ltd.",Land Transportation
9064.T,"YAMATO HOLDINGS CO.,LTD.",Land Transportation
9065.T,SANKYU INC.,Land Transportation
9068.T,"Maruzen Showa Unyu Co.,Ltd.",Land Transportation
9069.T,"SENKO Group Holdings Co.,Ltd.",Land Transportation
9072.T,"NIKKON Holdings Co.,Ltd.",Land Transportation
9075.T,"FUKUYAMA TRANSPORTING CO.,LTD.",Land Transportation
9076.T,"SEINO HOLDINGS CO.,LTD.",Land Transportation
9081.T,"Kanagawa Chuo Kotsu Co.,Ltd.",Land Transportation
9090.T,AZ-COM MARUWA Holdings Inc.,Land Transportation
9101.T,Nippon Yusen Kabushiki Kaisha,Marine Transportation
9104.T,"Mitsui O.S.K.Lines,Ltd.",Marine Transportation
9107.T,"Kawasaki Kisen Kaisha,Ltd.",Marine Transportation
9110.T,"NS United Kaiun Kaisha,Ltd.",Marine Transportation
9119.T,"IINO KAIUN KAISHA,LTD.",Marine Transportation
9142.T,Kyushu Railway Company,Land Transportation
9143.T,"SG HOLDINGS CO.,LTD.",Land Transportation
9147.T,"NIPPON EXPRESS HOLDINGS,INC.",Land Transportation
9201.T,"Japan Airlines Co.,Ltd.",Air Transportation
9202.T,ANA HOLDINGS INC.,Air Transportation
92025.T,ANA HOLDINGS INC.,Air Transportation
9216.T,"Bewith,Inc.",Services
9229.T,"SUNWELS Co.,Ltd.",Services
9247.T,TRE HOLDINGS CORPORATION,Services
9267.T,"Genky DrugStores Co.,Ltd.",Retail Trade
9273.T,"KOA SHOJI HOLDINGS CO.,LTD.",Wholesale Trade
9274.T,"KPP GROUP HOLDINGS CO.,LTD.",Wholesale Trade
9278.T,BOOKOFF GROUP HOLDINGS LIMITED,Retail Trade
9279.T,GIFT HOLDINGS INC.,Retail Trade
9301.T,Mitsubishi Logistics Corporation,Warehousing and Harbor Transportation Service
9302.T,"MITSUI-SOKO HOLDINGS Co.,Ltd.",Warehousing and Harbor Transportation Service
9303.T,"The Sumitomo Warehouse Co.,Ltd.",Warehousing and Harbor Transportation Service
9304.T,Shibusawa Logistics Corporation,Warehousing and Harbor Transportation Service
9305.T,Yamatane Corporation,Wholesale Trade
9310.T,Japan Transcity Corporation,Warehousing and Harbor Transportation Service
9319.T,"Chuo Warehouse Co.,Ltd.",Warehousing and Harbor Transportation Service
9324.T,Yasuda Logistics Corporation,Warehousing and Harbor Transportation Service
9332.T,"NISSO HOLDINGS Co.,Ltd.",Services
9336.T,"Daiei Kankyo Co.,Ltd.",Services
9341.T,"GENOVA,Inc.",Services
9347.T,"NIPPON KANZAI Holdings Co.,Ltd.",Services
9364.T,"Kamigumi Co.,Ltd.",Warehousing and Harbor Transportation Service
9381.T,AIT CORPORATION,Warehousing and Harbor Transportation Service
9401.T,"TBS HOLDINGS,INC.",Information & Communication
9404.T,"Nippon Television Holdings,Inc.",Information & Communication
9405.T,ASAHI BROADCASTING GROUP HOLDINGS CORPORATION,Information & Communication
9409.T,TV Asahi Holdings Corporation,Information & Communication
9412.T,SKY Perfect JSAT Holdings Inc.,Information & Communication
9413.T,TV TOKYO Holdings Corporation,Information & Communication
9416.T,VISION INC.,Information & Communication
9418.T,"U-NEXT HOLDINGS Co.,Ltd.",Information & Communication
9424.T,Japan Communications Inc.,Information & Communication
9432.T,"NTT,Inc.",Information & Communication
9433.T,KDDI CORPORATION,Information & Communication
9434.T,SoftBank Corp.,Information & Communication
94345.T,Series 1 Bond-Type Class Shares of SoftBank Corp.,Information & Communication
94346.T,Series 2 Bond-Type Class Shares of SoftBank Corp,Information & Communication
9435.T,"HIKARI TSUSHIN,INC.",Information & Communication
9438.T,MTI Ltd.,Information & Communication
9449.T,"GMO internet group,Inc.",Information & Communication
9468.T,KADOKAWA CORPORATION,Information & Communication
9470.T,"GAKKEN HOLDINGS CO.,LTD.",Information & Communication
9474.T,"ZENRIN CO.,LTD.",Information & Communication
9501.T,"Tokyo Electric Power Company Holdings,Incorporated",Electric Power and Gas
9502.T,"Chubu Electric Power Company,Incorporated",Electric Power and Gas
9503.T,"The Kansai Electric Power Company,Incorporated",Electric Power and Gas
9504.T,"The Chugoku Electric Power Company,Incorporated",Electric Power and Gas
9505.T,Hokuriku Electric Power Company,Electric Power and Gas
9506.T,"Tohoku Electric Power Company,Incorporated",Electric Power and Gas
9507.T,"Shikoku Electric Power Company,Incorporated",Electric Power and Gas
9508.T,"Kyushu Electric Power Company,Incorporated",Electric Power and Gas
9509.T,"Hokkaido Electric Power Company,Incorporated",Electric Power and Gas
9511.T,"The Okinawa Electric Power Company,Incorporated",Electric Power and Gas
9513.T,"Electric Power Development Co.,Ltd.",Electric Power and Gas
9517.T,"eREX Co.,Ltd.",Electric Power and Gas
9519.T,"RENOVA,Inc.",Electric Power and Gas
9531.T,"TOKYO GAS CO.,LTD.",Electric Power and Gas
9532.T,"OSAKA GAS CO.,LTD.",Electric Power and Gas
9533.T,"TOHO GAS CO.,LTD.",Electric Power and Gas
9534.T,"HOKKAIDO GAS CO.,LTD.",Electric Power and Gas
9535.T,"HIROSHIMA GAS CO.,LTD.",Electric Power and Gas
9536.T,"SAIBU GAS HOLDINGS CO.,LTD.",Electric Power and Gas
9543.T,"SHIZUOKA GAS CO.,LTD.",Electric Power and Gas
9551.T,"METAWATER Co.,Ltd.",Electric Power and Gas
9552.T,M&A Research Institute Holdings Inc.,Services
9600.T,I-NET CORP.,Information & Communication
9601.T,"Shochiku Co.,Ltd.",Information & Communication
9602.T,"TOHO CO.,LTD",Information & Communication
9603.T,"H.I.S.Co.,Ltd.",Services
9605.T,"TOEI COMPANY,LTD.",Information & Communication
9612.T,"LUCKLAND CO.,LTD.",Services
9616.T,"KYORITSU MAINTENANCE CO.,LTD.",Services
9619.T,"ICHINEN HOLDINGS CO.,LTD.",Services
9621.T,"CTI Engineering Co.,Ltd.",Services
9622.T,"SPACE CO.,LTD.",Services
9627.T,AIN HOLDINGS INC.,Retail Trade
9628.T,"SAN HOLDINGS,INC.",Services
9629.T,PCA CORPORATION,Information & Communication
9644.T,"TANABE CONSULTING GROUP CO.,LTD.",Services
9658.T,BUSINESS BRAIN SHOWA・OTA INC.,Information & Communication
9663.T,"NAGAWA CO.,Ltd",Services
9672.T,"TOKYOTOKEIBA CO.,LTD.",Services
9678.T,"KANAMOTO CO.,LTD.",Services
9682.T,DTS CORPORATION,Information & Communication
9684.T,"SQUARE ENIX HOLDINGS CO.,LTD.",Information & Communication
9692.T,COMPUTER ENGINEERING & CONSULTING LTD.,Information & Communication
9697.T,"CAPCOM CO.,LTD.",Information & Communication
9699.T,"NISHIO HOLDINGS CO.,LTD.",Services
9702.T,ISB CORPORATION,Information & Communication
9706.T,"Japan Airport Terminal Co.,ltd.",Real Estate
9715.T,transcosmos inc.,Services
9716.T,"NOMURA Co.,Ltd.",Services
9719.T,SCSK Corporation,Information & Communication
9722.T,FUJITA KANKO INC.,Services
9729.T,TOKAI Corp.,Services
9735.T,"SECOM CO.,LTD.",Services
9739.T,NSW Inc.,Information & Communication
9740.T,"CENTRAL SECURITY PATROLS CO.,LTD.",Services
9742.T,INES Corporation,Information & Communication
9743.T,"TANSEISHA CO.,LTD.",Services
9744.T,MEITEC Group Holdings Inc.,Services
9746.T,TKC Corporation,Information & Communication
9755.T,OYO Corporation,Services
9757.T,Funai Soken Holdings Incorporated,Services
9759.T,"NSD CO.,LTD.",Information & Communication
9765.T,"OHBA CO.,LTD.",Services
9766.T,KONAMI GROUP CORPORATION,Information & Communication
9769.T,"GAKKYUSHA CO.,LTD.",Services
9788.T,"NAC CO.,LTD.",Services
9790.T,"Fukui Computer Holdings,Inc.",Information & Communication
9793.T,"Daiseki Co.,Ltd.",Services
9795.T,"STEP CO.,LTD.",Services
9824.T,"SENSHU ELECTRIC CO.,LTD.",Wholesale Trade
9830.T,TRUSCO NAKAYAMA CORPORATION,Wholesale Trade
9831.T,"YAMADA HOLDINGS CO.,LTD.",Retail Trade
9832.T,"AUTOBACS SEVEN CO.,LTD.",Wholesale Trade
9837.T,"MORITO CO.,LTD.",Wholesale Trade
9842.T,ARCLANDS CORPORATION,Retail Trade
9843.T,"Nitori Holdings Co.,Ltd.",Retail Trade
9850.T,"GOURMET KINEYA CO.,LTD.",Retail Trade
9861.T,"YOSHINOYA HOLDINGS CO.,LTD.",Retail Trade
9869.T,"KATO SANGYO CO.,LTD.",Wholesale Trade
9880.T,INNOTECH CORPORATION,Electric Appliances
9882.T,YELLOW HAT LTD.,Wholesale Trade
9887.T,"MATSUYA FOODS HOLDINGS CO.,LTD.",Retail Trade
9889.T,JBCC Holdings Inc.,Information & Communication
9900.T,Sagami Holdings Corporation,Retail Trade
9902.T,NICHIDEN Corporation,Wholesale Trade
9928.T,"MIROKU JYOHO SERVICE CO.,LTD.",Information & Communication
9932.T,"SUGIMOTO & CO.,LTD.",Wholesale Trade
9934.T,"INABA DENKISANGYO CO.,LTD.",Wholesale Trade
9936.T,OHSHO FOOD SERVICE CORP.,Retail Trade
9946.T,"MINISTOP CO.,LTD.",Retail Trade
9948.T,"ARCS COMPANY,LIMITED",Retail Trade
9956.T,"VALOR HOLDINGS CO.,LTD.",Retail Trade
9960.T,TOTECH CORPORATION,Wholesale Trade
9962.T,MISUMI Group Inc.,Wholesale Trade
9974.T,"Belc CO.,LTD.",Retail Trade
9983.T,"FAST RETAILING CO.,LTD.",Retail Trade
9984.T,SoftBank Group Corp.,Information & Communication
9987.T,"SUZUKEN CO.,LTD.",Wholesale Trade
9989.T,"SUNDRUG CO.,LTD.",Retail Trade
9990.T,SAC'S BAR HOLDINGS INC.,Retail Trade
9991.T,GECOSS CORPORATION,Wholesale Trade
9997.T,"BELLUNA CO.,LTD.",Retail Trade
